Year,State,Units Reimbursed,Number of Prescriptions,Total Amount Reimbursed,Medicaid Amount Reimbursed,Non Medicaid Amount Reimbursed
2000,AK,1690161.547,25524.0,2748658.91,0.0,0.0
2000,AL,1899487.009,43716.0,4096281.9399999995,0.0,0.0
2000,AR,1158589.0,17751.0,1915356.5499999998,0.0,0.0
2000,CA,6801770.0,60549.0,13269263.620000001,0.0,0.0
2000,CO,1177812.0010000002,23226.0,1345382.25,0.0,0.0
2000,CT,3451891.269,58461.0,5116650.649999999,0.0,0.0
2000,DC,390553.0,7016.0,562985.4299999999,0.0,0.0
2000,DE,986781.0,17947.0,944149.1499999999,0.0,0.0
2000,FL,11215995.91,181924.0,22670430.7,0.0,0.0
2000,GA,4805800.0,94641.0,7854110.56,2051469.48,0.0
2000,HI,540192.0,8059.0,843019.4199999999,0.0,0.0
2000,IA,501946.0,8083.0,745904.4,0.0,0.0
2000,ID,391564.0,6551.0,792010.7100000001,0.0,0.0
2000,IL,1421012.0,20631.0,2730319.4400000004,0.0,0.0
2000,IN,2353637.0,37890.0,4452667.02,2812400.6900000004,78393.38999999998
2000,KS,776653.0,12372.0,1383884.2,20056.629999999997,0.0
2000,KY,1546659.0,23906.0,2850558.73,553113.5,0.0
2000,LA,2278890.0,44767.0,3652712.0,33307.240000000005,0.0
2000,MA,9817186.0,151582.0,12155686.98,0.0,0.0
2000,MD,1051345.0,18741.0,1111694.38,0.0,0.0
2000,ME,3334347.0,54516.0,4257468.93,0.0,0.0
2000,MI,2063353.0,25302.0,4498463.48,0.0,0.0
2000,MN,1221004.253,20786.0,1395941.0799999998,0.0,0.0
2000,MO,4016626.0,61137.0,7367026.17,0.0,0.0
2000,MS,1126560.021,21638.0,2494630.02,0.0,0.0
2000,MT,749535.716,14060.0,906218.9800000002,0.0,0.0
2000,NC,9126601.0,149380.0,10976075.920000002,5529200.78,0.0
2000,ND,190946.0,3971.0,269690.12,0.0,0.0
2000,NE,839223.0,15631.0,990975.26,0.0,0.0
2000,NH,1341984.0,26088.0,1956302.2000000002,1919926.4500000002,0.0
2000,NJ,4942946.0,81559.0,6260884.199999999,54184.64,0.0
2000,NM,390731.0,4968.0,592391.32,0.0,0.0
2000,NV,529484.0,7770.0,1185755.47,1185755.47,0.0
2000,NY,9498518.0,86202.0,9413462.059999999,148777.97999999998,0.0
2000,OH,8552227.0,160905.0,14468639.25,0.0,0.0
2000,OK,1224276.69,17471.0,1851941.23,38758.92,0.0
2000,OR,1786526.4,27439.0,2215702.6500000004,0.0,0.0
2000,PA,4522028.0,80125.0,6714987.46,0.0,0.0
2000,RI,805231.0,12631.0,1254542.0999999999,0.0,0.0
2000,SC,3716990.0,63752.0,6616142.08,5587186.87,0.0
2000,SD,174109.0,3380.0,219196.63,3109.21,0.0
2000,TN,1566506.0,27131.0,2044642.0100000002,0.0,0.0
2000,TX,2249197.0,23227.0,5460371.26,1223022.42,0.0
2000,UT,745058.0,15760.0,1016416.5300000003,0.0,0.0
2000,VA,3829239.0,64999.0,5166374.09,0.0,0.0
2000,VT,140990.0,3266.0,230738.66,0.0,0.0
2000,WA,6342380.0,97497.0,8405275.63,0.0,0.0
2000,WI,3750323.0,58361.0,5468428.0600000005,0.0,0.0
2000,WV,2989246.35,52186.0,4697218.22,0.0,0.0
2000,WY,188150.0,3684.0,178942.47000000003,0.0,0.0
2000,XX,138989559.81599998,2176602.0,214552052.54000002,21194252.94,78393.39
2001,AK,2419982.0,32387.0,4625141.57,0.0,0.0
2001,AL,2281121.43,49521.0,5299651.01,0.0,0.0
2001,AR,1552190.0,22468.0,2657819.54,0.0,0.0
2001,CA,9712748.0,80803.0,21418530.14,8429635.969999999,0.0
2001,CO,1614708.0,30707.0,2300803.55,0.0,0.0
2001,CT,4222778.0,69176.0,6844387.42,0.0,0.0
2001,DC,468862.0,9003.0,721816.9,0.0,0.0
2001,DE,1451589.0,24649.0,1695663.8000000003,0.0,0.0
2001,FL,14128438.871,226299.0,33594784.129999995,0.0,0.0
2001,GA,6427551.0,125273.0,12228566.14,77594.32,0.0
2001,HI,980063.0,12640.0,2080278.5200000003,0.0,0.0
2001,IA,1183906.0,18033.0,2038997.06,0.0,0.0
2001,ID,626701.0,10315.0,1317030.0399999996,0.0,0.0
2001,IL,2324663.0,33984.0,4460540.390000001,9678.130000000001,0.0
2001,IN,4285182.0,66706.0,8954039.629999999,6099184.38,164299.86
2001,KS,1224975.0,19548.0,2424194.53,0.0,0.0
2001,KY,1974427.0,29801.0,3875203.36,1717735.3000000003,0.0
2001,LA,2747079.0,52468.0,5068681.529999999,8629.62,0.0
2001,MA,13107856.0,194920.0,19251237.21,0.0,0.0
2001,MD,2440127.0,48446.0,3301407.99,0.0,0.0
2001,ME,4103624.0,64769.0,4874455.3,0.0,0.0
2001,MI,3544837.0,44316.0,8560912.950000001,0.0,0.0
2001,MN,1992212.0,33627.0,2675657.66,1619.85,0.0
2001,MO,5632504.0,81741.0,11694747.64,0.0,0.0
2001,MS,2233041.031,42796.0,5069727.32,4412000.12,0.0
2001,MT,1045928.041,18272.0,1632504.85,0.0,0.0
2001,NC,12926080.0,207704.0,17930646.21,0.0,0.0
2001,ND,311873.0,5764.0,454926.8,0.0,0.0
2001,NE,1108430.0,19324.0,1557682.79,0.0,0.0
2001,NH,1471083.0,27959.0,2273007.96,2178808.3600000003,0.0
2001,NJ,5358821.0,89622.0,8350162.960000001,33701.97,0.0
2001,NM,510284.04000000004,6461.0,916278.28,0.0,0.0
2001,NV,905576.0,12885.0,2164299.1500000004,2164299.1500000004,0.0
2001,NY,11009593.0,101082.0,13586410.739999998,85666.17,0.0
2001,OH,11141515.0,205856.0,19524356.67,0.0,0.0
2001,OK,1635975.653,22482.0,2972275.61,2777.91,0.0
2001,OR,3164901.0,47103.0,4524102.1899999995,0.0,0.0
2001,PA,7340912.0,126169.0,12173666.98,63703.57,0.0
2001,RI,1147345.0,17658.0,1927136.95,0.0,0.0
2001,SC,4231219.0600000005,70152.0,6873873.109999999,6154449.0,7014.199999999999
2001,SD,270852.0,5127.0,373871.86000000004,2207.84,0.0
2001,TN,4841937.0,78053.0,8143864.66,0.0,0.0
2001,TX,3054749.0,30459.0,8047967.23,1265347.99,0.0
2001,UT,1294646.0,26380.0,2032769.6500000001,0.0,0.0
2001,VA,4124676.0,65515.0,6108013.69,0.0,0.0
2001,VT,213851.03,3743.0,286669.95,0.0,0.0
2001,WA,8737138.469,133616.0,13557922.780000001,0.0,0.0
2001,WI,4441434.0,66962.0,7145021.800000001,0.0,0.0
2001,WV,3219488.8770000003,55917.0,5286583.25,0.0,0.0
2001,WY,220425.0,4507.0,265812.36,0.0,0.0
2001,XX,189865466.792,2908883.0,333748293.84000003,32793854.520000003,171314.65999999997
2002,AK,2015792.0,29390.0,4236830.35,0.0,0.0
2002,AL,2354616.77,50676.0,5517267.21,0.0,0.0
2002,AR,1847746.0,26997.0,2992208.12,0.0,0.0
2002,CA,15523130.0,126075.0,40631688.53,914805.85,0.0
2002,CO,2798011.0,53215.0,4002070.6400000006,0.0,0.0
2002,CT,5145757.614,80024.0,8301998.0600000005,0.0,0.0
2002,DC,484462.0,9321.0,735472.8099999998,0.0,0.0
2002,DE,1742095.0,26101.0,1411011.92,0.0,0.0
2002,FL,17079899.14,269405.0,36127955.67,0.0,0.0
2002,GA,6536733.0,130946.0,11261773.57,0.0,0.0
2002,HI,1304778.0,14831.0,3102413.0,24797.649999999998,0.0
2002,IA,2009511.0,29392.0,3168664.9299999997,0.0,0.0
2002,ID,970934.7,15063.0,2205546.35,2174631.24,5014.2
2002,IL,3251540.0,49498.0,6554067.92,3823.88,0.0
2002,IN,4364196.0,69061.0,8639143.46,4313778.220000001,106273.89
2002,KS,1552497.0,24815.0,3027765.4299999997,2824.26,0.0
2002,KY,2317954.0,40753.0,4168092.3000000003,3599655.18,0.0
2002,LA,3169560.0,61381.0,5323505.640000001,98810.13,18.0
2002,MA,16374314.726,251253.0,24653469.43,55031.89,0.0
2002,MD,3364232.0,61788.0,4855460.93,0.0,0.0
2002,ME,5585473.0,83813.0,6472864.069999999,0.0,0.0
2002,MI,3240234.0,37024.0,8092904.870000001,7797201.83,206522.33
2002,MN,2687361.5,44422.0,3728524.59,408419.12,0.0
2002,MO,7543402.0,105988.0,14878657.93,0.0,0.0
2002,MS,2305022.451,42482.0,5305183.98,3080192.0300000003,0.0
2002,MT,1233632.0,19709.0,1949943.9000000001,0.0,0.0
2002,NC,14057229.0,225125.0,17315158.8,1507503.64,5345.719999999999
2002,ND,444778.0,8126.0,616421.6000000001,0.0,0.0
2002,NE,1457333.0,24401.0,2166662.8400000003,0.0,0.0
2002,NH,1594541.04,30184.0,2154561.69,1968790.21,37474.02
2002,NJ,5871115.0,98089.0,9793519.43,15409.07,0.0
2002,NM,802398.0,12068.0,1039432.0999999999,0.0,0.0
2002,NV,1622810.5,22535.0,3774274.43,3774274.43,0.0
2002,NY,13547720.0,125266.0,18836384.07,39118.03,0.0
2002,OH,13696616.0,248857.0,20692596.64,0.0,0.0
2002,OK,2113675.828,27664.0,4157774.9600000004,7540.5,0.0
2002,OR,4139380.0,58786.0,5821136.33,0.0,0.0
2002,PA,7041568.0,121890.0,11314637.86,4291.32,0.0
2002,RI,1441299.0,22520.0,2592056.99,0.0,0.0
2002,SC,5081690.9,82843.0,7664249.51,7208336.26,65080.579999999994
2002,SD,366071.0,6673.0,577058.4299999999,963.38,0.0
2002,TN,7341791.0,110227.0,13851081.67,0.0,0.0
2002,TX,3494830.0,34338.0,9523839.84,0.0,0.0
2002,UT,1810502.0,35617.0,3029517.4699999997,0.0,0.0
2002,VA,4371992.0,66976.0,6364923.92,0.0,0.0
2002,VT,363219.338,5433.0,235264.19,0.0,0.0
2002,WA,10665915.436,165291.0,15115700.99,0.0,0.0
2002,WI,6307337.0,92026.0,9392144.37,0.0,0.0
2002,WV,3205861.505,54147.0,4919917.48,3639230.77,48024.240000000005
2002,WY,236590.0,4783.0,154272.82,0.0,0.0
2002,XX,229441553.31100002,3454748.0,393677068.01,40682725.85,474037.54
2003,AK,1366130.0,21753.0,2912065.04,528727.29,273.58
2003,AL,2399633.0,51137.0,5621584.640000001,0.0,0.0
2003,AR,2205668.2,31769.0,3780966.3299999996,0.0,0.0
2003,CA,18326985.894,153486.0,50789476.52,1156504.09,0.0
2003,CO,3670394.024,75161.0,4615241.390000001,0.0,0.0
2003,CT,6109631.0,91267.0,10409338.219999999,1156442.79,10419.949999999999
2003,DC,667505.0,11873.0,1299109.8199999998,0.0,0.0
2003,DE,1828361.0,26439.0,2238082.3999999994,0.0,0.0
2003,FL,19480174.83,292274.0,32548589.270000003,0.0,0.0
2003,GA,7954277.0,160334.0,14050818.95,10478720.64,73446.0
2003,HI,1281556.0,15105.0,1768198.62,712247.4200000002,0.0
2003,IA,2891523.24,39477.0,4752053.01,0.0,0.0
2003,ID,1215916.4,18593.0,2717929.1999999997,2659787.6399999997,24688.890000000003
2003,IL,4417070.0,66626.0,8900139.81,0.0,0.0
2003,IN,5124637.5,76316.0,10239546.89,1380015.96,324.96
2003,KS,2100106.0,32538.0,3910714.62,4284.33,0.0
2003,KY,3045829.0,54625.0,5248328.55,4104650.6000000006,0.0
2003,LA,3334950.0,62051.0,5351261.99,31005.76,0.0
2003,MA,18428874.0,264490.0,25677771.27,0.0,0.0
2003,MD,5676274.0,93596.0,8827744.280000001,0.0,0.0
2003,ME,6792298.0,94374.0,7494898.09,0.0,0.0
2003,MI,3338895.0,38002.0,7932840.790000001,7721551.83,147477.76
2003,MN,3417981.8,54509.0,5138804.75,982942.06,0.0
2003,MO,10388376.0,140788.0,20580228.160000004,0.0,0.0
2003,MS,2305291.432,42713.0,4533261.78,109260.4,0.0
2003,MT,1530034.0,24881.0,2475530.86,2016116.45,40490.07
2003,NC,17496607.0,274169.0,21097703.47,3645491.8000000003,13294.92
2003,ND,467633.0,8807.0,661884.44,0.0,0.0
2003,NE,1829281.0,28601.0,2890518.05,0.0,0.0
2003,NH,1945786.0,36043.0,2885999.08,2820248.2800000003,33151.060000000005
2003,NJ,7551155.0,122858.0,13831243.29,155588.8,174.8
2003,NM,1054327.0899999999,16638.0,1216746.87,0.0,0.0
2003,NV,2283620.3200000003,32289.0,5263882.68,3333107.29,86035.44
2003,NY,17087161.0,157852.0,26020066.880000003,22182197.909999996,0.0
2003,OH,19263491.0,336183.0,27489713.82,0.0,0.0
2003,OK,2529122.5,32427.0,5661697.85,29237.65,0.0
2003,OR,3693812.5,49580.0,3508040.51,115985.94,2204.0
2003,PA,8590695.0,144949.0,13750640.370000001,81022.27,0.0
2003,RI,1867890.0,27414.0,3433469.4,0.0,0.0
2003,SC,6759060.6,102254.0,11146791.670000002,10812267.94,158948.1
2003,SD,588262.0,9996.0,1053401.37,0.0,0.0
2003,TN,15337106.0,253252.0,28355311.77,5707966.42,3428.0299999999997
2003,TX,3995997.0,39856.0,11628460.0,0.0,0.0
2003,UT,2524116.0,47941.0,4374592.880000001,0.0,0.0
2003,VA,5369384.67,79751.0,7591078.380000001,398114.05000000005,2049.41
2003,VT,290875.856,4350.0,363070.19000000006,0.0,0.0
2003,WA,12647823.558,875085.0,97392968.04,0.0,0.0
2003,WI,9325174.0,130485.0,13931100.079999998,0.0,0.0
2003,WV,3469709.835,53337.0,3699151.9000000004,3242979.33,29869.410000000003
2003,WY,371187.0,7524.0,302004.66000000003,0.0,0.0
2003,XX,287342423.03000003,4921543.0,569580472.8900001,85579079.75999999,628582.55
2004,AK,1506425.65,22926.0,2923287.45,1475504.67,0.0
2004,AL,2274782.0,47681.0,4829630.0600000005,0.0,0.0
2004,AR,2189992.35,30771.0,3978079.4,0.0,0.0
2004,CA,18759577.0,174354.0,56205900.69,11014403.93,0.0
2004,CO,4636955.800000001,99611.0,5440302.6899999995,0.0,0.0
2004,CT,6735432.0,100494.0,12093248.18,1504940.27,8373.470000000001
2004,DC,651342.0,11875.0,1189936.8399999999,0.0,0.0
2004,DE,3184265.0,44935.0,3214938.96,0.0,0.0
2004,FL,21630760.16,317986.0,29914089.81,0.0,0.0
2004,GA,8188798.15,164051.0,10757093.169999998,9609824.57,132280.0
2004,HI,1482338.0,16583.0,2143047.81,1125379.71,0.0
2004,IA,3476525.0,46430.0,5706097.09,0.0,0.0
2004,ID,1170728.0,17309.0,2657544.7699999996,2610153.35,36212.06
2004,IL,4804135.0,71064.0,9869238.280000001,0.0,0.0
2004,IN,6274148.499,89247.0,12178479.27,3520909.54,67291.75
2004,KS,2643889.0,39962.0,4729176.41,738819.0199999999,0.0
2004,KY,3616187.01,63538.0,6050239.18,4443309.92,1653.81
2004,LA,4127136.0,74000.0,7499650.27,1253026.12,13998.0
2004,MA,19863233.65,279866.0,25867234.64,1516721.61,0.0
2004,MD,6223864.3,105618.0,7852381.109999999,0.0,0.0
2004,ME,8116089.5,94665.0,4467963.4,0.0,0.0
2004,MI,3924347.5,44254.0,9601266.58,9405455.89,171987.15
2004,MN,4005531.0,61159.0,6056773.77,2257308.76,0.0
2004,MO,13271160.0,172870.0,24863166.81,0.0,0.0
2004,MS,2638991.0,47117.0,4711546.22,595623.24,55.0
2004,MT,1792256.0,28526.0,2938150.58,2860656.62,76630.64
2004,NC,22338564.98,335288.0,27119384.29,6751678.05,44594.36
2004,ND,557870.0,9906.0,747155.5,1655.57,0.0
2004,NE,2254262.0,33329.0,3676788.0999999996,0.0,0.0
2004,NH,2464333.1,44839.0,3544407.3600000003,3253044.5999999996,36066.619999999995
2004,NJ,9595017.999,157390.0,17099731.520000003,0.0,0.0
2004,NM,1360991.6,19715.0,1803785.1999999997,0.0,0.0
2004,NV,2678020.96,34094.0,6170301.97,3936095.8599999994,54387.52
2004,NY,19698100.5,178180.0,37293644.79,33667489.71,193568.54999999996
2004,OH,19024317.0,315009.0,26768042.07,0.0,0.0
2004,OK,4317098.0,60728.0,9315776.260000002,29222.61,0.0
2004,OR,4179181.0,54338.0,3751239.63,1170536.7,50598.72
2004,PA,10884459.2,178859.0,17642677.41,3616777.61,138254.63
2004,RI,2183574.3,31668.0,4308165.6499999985,0.0,0.0
2004,SC,7862323.0,116075.0,13239472.969999999,12936753.740000002,219512.90999999997
2004,SD,672352.0,11643.0,1281405.12,0.0,0.0
2004,TN,24211205.405,2914201.0,70892324.63999999,13819820.44,28530.44
2004,TX,3632179.0,34581.0,11415013.71,0.0,0.0
2004,UT,3043620.04,57454.0,5291194.28,0.0,0.0
2004,VA,6035655.8,88074.0,8870708.75,3657476.38,26090.55
2004,VT,370246.372,5592.0,567559.62,0.0,0.0
2004,WA,12992987.0,183119.0,12814617.21,0.0,0.0
2004,WI,11615359.0,159196.0,17968353.42,0.0,0.0
2004,WV,4252102.4799999995,59083.0,4331732.09,4173717.4699999997,25132.420000000002
2004,WY,487360.0,8703.0,459618.56,0.0,0.0
2004,XX,335321939.60300004,7373125.0,575260334.72,140955898.9,1327271.75
2005,AK,1753229.0,26694.0,2912302.09,1384803.38,490.28999999999996
2005,AL,2182381.0,45179.0,4279213.36,0.0,0.0
2005,AR,2422060.2120000003,33436.0,4096809.7499999995,0.0,0.0
2005,CA,23338996.82,232653.0,69043403.63,61668797.059999995,0.0
2005,CO,5857564.05,118237.0,6041381.46,0.0,0.0
2005,CT,6647958.0,100975.0,10375072.829999998,680331.56,14393.27
2005,DC,1027291.0,17731.0,1879957.14,0.0,0.0
2005,DE,2967521.0,50647.0,2218928.76,0.0,0.0
2005,FL,24261950.82,344901.0,25590128.240000002,4399190.52,1693.33
2005,GA,8034622.45,160042.0,7103432.33,3302567.88,40384.0
2005,HI,1613360.0,17371.0,2152952.4099999997,734675.69,0.0
2005,IA,3930619.378,52590.0,6462388.709999999,1206.79,24.42
2005,ID,891030.98,13476.0,1372241.5199999998,1351781.54,20011.120000000003
2005,IL,5686194.0,83156.0,10980230.600000001,564592.35,0.0
2005,IN,6927705.5,93838.0,12939480.440000001,6143835.05,177734.75999999998
2005,KS,3141757.4,45518.0,4897255.57,2050965.6800000002,0.0
2005,KY,4096083.0,75018.0,4929372.64,4652649.45,54806.47
2005,LA,4805997.0,81417.0,10098802.66,2581846.99,25180.809999999998
2005,MA,22223843.0,295917.0,23171407.5,98221.81,0.0
2005,MD,7416433.5,122708.0,7335912.34,0.0,0.0
2005,ME,9209634.0,103128.0,4074356.44,0.0,0.0
2005,MI,4164791.0,46184.0,8914481.03,8628425.04,169463.25
2005,MN,4791893.0,71853.0,6248968.75,3913799.27,0.0
2005,MO,15534843.6,195818.0,26651105.77,0.0,0.0
2005,MS,2597705.0,45072.0,3878194.16,310224.06,495.0
2005,MT,1929984.0,29102.0,2896586.0199999996,2819610.71,76975.31
2005,NC,26828480.299999997,383502.0,30217869.51,9027180.65,76130.29000000001
2005,ND,525464.0,8872.0,667139.63,0.0,0.0
2005,NE,2589794.5,36752.0,4284313.33,0.0,0.0
2005,NH,2896226.0,51161.0,4280225.470000001,3984458.1399999997,52901.73
2005,NJ,11645513.5,189630.0,20131697.229999997,182387.89,584.6600000000001
2005,NM,389550.0,6710.0,366984.32,0.0,0.0
2005,NV,3214260.0,39459.0,7156051.05,761277.55,12144.41
2005,NY,23917958.435,217059.0,47909619.73,33269262.47,147889.65999999997
2005,OH,30922298.0,495798.0,41438327.59,0.0,0.0
2005,OK,5165232.35,73614.0,10240416.17,1485.67,0.0
2005,OR,4426894.62,55222.0,4144622.88,449628.52,21955.0
2005,PA,12596069.0,202225.0,18995360.23,2142241.29,48143.12
2005,RI,2300578.0,34790.0,4450526.57,0.0,0.0
2005,SC,8272630.0,121402.0,12026666.92,11649151.99,132282.75
2005,SD,713270.0,11877.0,1195741.96,0.0,0.0
2005,TN,23318946.229999997,1535862.0,105243425.10999998,22084000.46,47724.03
2005,TX,3643485.0,34341.0,11563019.55,7759128.659999999,2943.88
2005,UT,3775510.0,67307.0,6266919.65,0.0,0.0
2005,VA,6499621.0600000005,93122.0,8315403.600000001,1212053.2000000002,11555.5
2005,VT,581531.008,8710.0,714219.5900000001,0.0,0.0
2005,WA,14709182.5,198804.0,11931547.11,1540160.0999999999,176.04
2005,WI,12286770.0,157095.0,15641570.31,0.0,0.0
2005,WV,5087454.45,67982.0,5126382.04,4671816.48,38073.689999999995
2005,WY,491208.0,8390.0,391882.85,0.0,0.0
2005,XX,385927069.353,6622866.0,644787454.26,204106492.29000002,1176881.81
2006,AK,977070.5,17108.0,1304461.46,529295.1900000001,3765.46
2006,AL,1229354.0,29971.0,1973355.19,0.0,0.0
2006,AR,1655244.46,27159.0,1133469.27,6789.68,0.0
2006,CA,12116065.629999999,131332.0,31501068.12,28118128.89,0.0
2006,CO,3740597.0,73260.0,3333877.79,1532045.48,7052.76
2006,CT,2544901.001,39366.0,3506483.9699999997,247451.08999999997,611.0600000000001
2006,DC,717233.0,12835.0,1049772.8900000001,0.0,0.0
2006,DE,3220426.0,49825.0,2223084.8499999996,0.0,0.0
2006,FL,11383590.0,165431.0,8746179.64,6972901.550000001,37063.73
2006,GA,4608047.0,93162.0,3618696.8999999994,1670950.4100000001,17313.0
2006,HI,1025343.0,10739.0,1197851.85,233650.88,0.0
2006,IA,1927382.903,28132.0,2280410.97,337653.52,9675.810000000001
2006,ID,608656.0,9773.0,632902.09,591697.26,4718.0
2006,IL,3082611.7,45154.0,4948077.17,0.0,0.0
2006,IN,3171912.42,41243.0,4126260.25,750817.29,32093.25
2006,KS,1636867.0,23589.0,1952057.95,233533.63,0.0
2006,KY,3125074.65,59258.0,3090611.3499999996,2458232.86,16836.93
2006,LA,3183617.0,58782.0,6346783.21,1424030.54,17857.73
2006,MA,11186639.0,171855.0,6952981.35,111573.91,0.0
2006,MD,1975609.19,39785.0,1418562.49,39971.65,0.0
2006,ME,5726269.511,68823.0,1677676.4500000002,510203.5,16005.760000000002
2006,MI,1067705.0,12389.0,1310565.3399999999,1200213.69,57428.89
2006,MN,2448194.0,36414.0,2376242.7199999997,1327848.8599999999,2279.05
2006,MO,7982286.25,102933.0,11754975.649999999,6995.22,897.77
2006,MS,743481.0,21084.0,658371.59,39078.45,686.26
2006,MT,1086881.0,15903.0,1285797.0,1250227.89,35437.08
2006,NC,15971658.592,240439.0,13384871.71,3825901.45,17418.68
2006,ND,367605.0,6387.0,292168.13,1409.8600000000001,46.42
2006,NE,1271134.0,20402.0,1817325.1,0.0,0.0
2006,NH,1617848.0,30955.0,1917167.69,1667643.5899999999,26336.41
2006,NJ,6469033.8,100026.0,10959250.92,2451284.25,0.0
2006,NM,127392.0,2402.0,48178.590000000004,0.0,0.0
2006,NV,1944845.44,21364.0,3079349.5700000003,1239808.56,5894.07
2006,NY,17545645.258,180099.0,34029878.99,22176216.32,90304.73000000001
2006,OH,20287037.0,316734.0,15521375.380000003,10112065.110000001,0.0
2006,OK,2986143.0,49995.0,3830475.3599999994,138147.25999999998,0.0
2006,OR,2181241.0,27986.0,1826339.1099999999,488978.74,10458.0
2006,PA,6541971.7,97956.0,3534941.1999999997,455759.73,42855.42
2006,RI,869508.0,13348.0,1499336.39,0.0,0.0
2006,SC,4044116.0,70384.0,4015451.1799999997,3500925.76,32784.07
2006,SD,465628.0,7190.0,556759.99,0.0,0.0
2006,TN,8851886.27,2871497.0,285308844.46000004,6234632.75,20586.29
2006,TX,1910902.0,18504.0,5733724.06,3394177.34,12862.44
2006,UT,2663807.81,49447.0,4067525.5400000005,0.0,0.0
2006,VA,2308820.1,36070.0,2582656.85,501755.84,3468.59
2006,VT,562618.0,9692.0,337254.06,0.0,0.0
2006,WA,8983049.0,28080166.0,556164185.12,2923928.77,196.19
2006,WI,5948310.0,74792.0,4642139.6,269143.51999999996,261.0
2006,WV,4298188.545,56037.0,3691380.88,1471648.3199999998,10103.349999999999
2006,WY,377550.0,6520.0,239726.0,2866.8,0.0
2006,XX,212637899.134,33793295.0,1071754838.79,110641882.62,540765.58
2007,AK,936537.0,17024.0,1281212.04,923488.6699999999,2664.57
2007,AL,1030519.0,25084.0,1614062.5599999998,11148.4,0.0
2007,AR,1866345.3539999998,29086.0,1272595.43,343767.35,13222.93
2007,CA,13588484.0,152133.0,37510788.31999999,36340664.61,116210.16
2007,CO,4645111.5,77408.0,4228005.73,4111394.1500000004,11777.57
2007,CT,2915367.0,45661.0,4428785.67,2359122.06,6229.91
2007,DC,687156.0,12785.0,810492.59,143409.21000000002,3004.01
2007,DE,4814528.4,70937.0,3761341.25,1195669.12,38284.61
2007,FL,11888682.0,165883.0,7760579.640000001,7198811.03,64138.83
2007,GA,3866185.0,63733.0,2983978.09,1603770.06,21717.4
2007,HI,1060149.5,10777.0,1386311.53,885085.8800000001,56.68
2007,IA,1918885.5,29294.0,1870662.46,1216735.17,43920.64
2007,ID,718810.0,10841.0,779145.87,773674.3400000001,4845.96
2007,IL,2497720.0,34303.0,2347148.45,383466.73,2083.4700000000003
2007,IN,3496290.0,43015.0,5293514.84,4679226.8,118715.0
2007,KS,1669049.4,21716.0,2168260.8,1097604.27,19001.3
2007,KY,3588634.5,64997.0,3727031.8600000003,3297622.7800000003,20510.879999999997
2007,LA,3236516.0,60592.0,6382068.779999999,4431709.23,18420.489999999998
2007,MA,11587932.0,181376.0,7391277.9,2695517.1,65999.78
2007,MD,1127220.5,22605.0,677184.7999999999,536649.64,3123.5600000000004
2007,ME,6130178.0,75902.0,2275777.66,1854079.76,51431.270000000004
2007,MI,1135247.0,13027.0,1379857.18,1234440.47,116156.46
2007,MN,2169394.111,32676.0,1354540.0,932022.1,23373.43
2007,MO,6261904.5,80115.0,9053865.450000001,0.0,0.0
2007,MS,717189.0,21350.0,577210.0399999999,236005.28000000003,6002.23
2007,MT,1134140.111,16181.0,1377732.23,1339158.09,38574.14
2007,NC,17096200.66,252313.0,13532822.56,4890489.8,103689.31999999999
2007,ND,352029.0,6395.0,269231.5,136250.94,2444.6000000000004
2007,NE,1203363.0,20379.0,1457359.17,360345.71,1177.48
2007,NH,1833099.0,34268.0,2200798.2300000004,1964756.8199999998,20308.67
2007,NJ,6099819.0,93239.0,9822985.36,3858164.1500000004,41634.57000000001
2007,NM,111411.0,2180.0,44489.03999999999,16238.469999999998,12.759999999999998
2007,NV,2158843.0,22116.0,3228206.41,1349412.72,5450.040000000001
2007,NY,19746778.696000002,216263.0,32632034.85,15972331.739999998,40354.7
2007,OH,9910119.0,158008.0,8350592.07,5639237.359999999,2126.75
2007,OK,3419070.0,55291.0,5517364.02,2597881.5300000003,5261.959999999999
2007,OR,2341402.0,29383.0,2148304.45,1370371.82,42298.0
2007,PA,6039144.62,88202.0,2543198.87,1630654.46,126590.96999999999
2007,RI,1041113.0,15169.0,1491346.65,34417.81999999999,1215.89
2007,SC,4104398.8,69179.0,3699305.26,3488823.5700000003,21673.15
2007,SD,249553.0,24092023.0,189168999.91,168642.21000000002,356.24
2007,TN,8929437.5,144252.0,9019127.1,6111905.85,24573.65
2007,TX,1954283.0,18816.0,6381668.68,4784907.140000001,16655.489999999998
2007,UT,2918931.0,50742.0,4740939.449999999,1282018.4100000001,1159.94
2007,VA,2331279.06,35517.0,2556511.1599999997,1412081.93,35044.96
2007,VT,282866.0,4173.0,347016.72000000003,206193.24000000002,409.07
2007,WA,9878594.07,134845.0,6203743.15,4312077.699999999,9578.13
2007,WI,6242330.5,79399.0,6539119.78,2000435.72,55757.229999999996
2007,WV,4619126.01,58928.0,3838377.11,3154610.06,22989.570000000003
2007,WY,292408.0,5272.0,157248.33,14839.920000000002,0.0
2007,XX,209455667.468,27081653.0,431542362.77,147236971.51,1418158.67
2008,AK,990377.5,17623.0,1794385.1300000001,1790478.5300000003,3906.6
2008,AL,1456762.0,34120.0,2785590.03,2667441.1100000003,118148.92000000001
2008,AR,2065217.884,31661.0,1486121.85,1423593.6600000001,62528.19
2008,CA,15024607.23,168474.0,46155275.43,45554601.989999995,600673.4400000001
2008,CO,5691798.3,85461.0,5501953.66,5483011.619999999,18942.04
2008,CT,5852982.0,109035.0,7751754.090000001,7725758.74,25995.35
2008,DC,602884.0,10482.0,508938.29999999993,504801.74,4136.56
2008,DE,5930619.0,83797.0,4702497.1,4545434.609999999,157062.49000000002
2008,FL,14414010.0,188235.0,8882926.95,8847297.91,35629.04
2008,GA,4469904.0,70225.0,2725420.46,2704278.37,21142.09
2008,HI,1222733.0,12317.0,1806685.42,1805456.9700000002,1228.45
2008,IA,1863933.0,27251.0,1657201.86,1608303.4700000002,48898.39000000001
2008,ID,835188.0,12281.0,1161421.8900000001,1156046.23,5375.66
2008,IL,2987874.0,39862.0,2469061.39,2452255.56,16805.83
2008,IN,4043584.0,47897.0,6182057.63,6091390.32,90667.31
2008,KS,1874832.4,24235.0,3021176.49,2951868.79,69307.7
2008,KY,4147995.0,70527.0,4187404.9299999997,4161462.4799999995,25942.45
2008,LA,3664818.0,66867.0,7134232.91,7033368.050000001,100864.86
2008,MA,12338258.0,194396.0,7643526.04,7535364.51,108161.53
2008,MD,1500085.026,29574.0,1164614.2600000002,1154723.0,9891.259999999998
2008,ME,5760230.0,68054.0,2403738.67,2270404.09,133334.58000000002
2008,MI,1098834.0,13036.0,1453723.6800000002,1355129.01,98594.67
2008,MN,2533971.5,37699.0,1622374.6700000002,1603179.87,19194.8
2008,MO,9724130.2,123511.0,13746232.08,13550784.0,195448.08000000002
2008,MS,769793.0,22222.0,719229.19,706635.2100000001,12593.98
2008,MT,1189241.0,16299.0,1569193.1800000002,1529214.0,39979.18
2008,NC,20795290.437,300606.0,17016702.509999998,16527560.25,489142.26
2008,ND,338140.0,6281.0,328365.4,322181.64,6183.759999999999
2008,NE,1343921.0,20952.0,1599563.53,1586169.45,13394.08
2008,NH,2084436.0,37792.0,2317555.66,2298170.1500000004,19385.51
2008,NJ,7143522.2,110982.0,12395438.73,12259396.28,136042.45
2008,NM,108222.0,2044.0,46034.62,45448.55,586.07
2008,NV,2493001.0,26182.0,3445841.01,3437477.2199999997,8363.79
2008,NY,25480158.057,295774.0,40973228.260000005,40896865.55,76362.70999999999
2008,OH,7900286.0,134612.0,8442592.3,8438388.530000001,4203.77
2008,OK,3828451.5,60124.0,7723666.01,7680062.340000001,43603.67
2008,OR,2458901.91,29598.0,2343732.83,2257767.65,85965.18000000001
2008,PA,6822092.4,96947.0,2866100.2399999998,2593893.75,272206.49
2008,RI,873010.0,12961.0,142127.07,135605.32,6521.75
2008,SC,4039151.0,64932.0,3402834.54,3377384.74,25449.799999999996
2008,SD,539571.0,8122.0,752673.22,744096.31,8576.91
2008,TN,10318129.0,166723.0,10378039.61,10301350.76,76688.85
2008,TX,2031369.0,19409.0,7264727.930000001,7230391.93,34336.0
2008,UT,2956144.5,50456.0,4919966.13,4916857.9799999995,3108.15
2008,VA,2396234.1,37554.0,2611011.28,2554944.16,56067.119999999995
2008,VT,550765.0,7532.0,497742.80000000005,493470.39,4272.41
2008,WA,11346947.5,150971.0,8332585.25,8263420.63,69164.62
2008,WI,11970488.5,160914.0,12364573.05,11971429.58,393143.47000000003
2008,WV,5275521.437,66473.0,4854458.48,4817510.41,36948.07
2008,WY,156582.0,2939.0,73979.02,72167.33,1811.6899999999998
2008,XX,247081364.74199998,3495850.0,297889936.01,293902569.19,3987366.8200000003
2009,AK,1009249.0,18453.0,2286563.0,2272817.66,13745.34
2009,AL,1665937.0,39382.0,3243454.76,3161486.42,81968.34
2009,AR,2075317.1439999999,32201.0,1593440.2800000003,1526836.01,66604.27
2009,CA,15596318.251,169913.0,44167491.870000005,43886102.31,281389.56
2009,CO,6837024.0,102552.0,7019867.6,6996292.3100000005,23575.29
2009,CT,6708538.25,128468.0,10518448.34,10437797.52,80650.82
2009,DC,590918.0,10062.0,493641.39999999997,492034.7,1606.7
2009,DE,7037330.0,98377.0,5136928.640000001,4960425.51,176503.13
2009,FL,17770884.35,219153.0,10451727.95,10426305.96,25421.99
2009,GA,5033386.0,71584.0,4764720.53,4710813.89,53906.64
2009,HI,118010.0,1473.0,170400.52999999997,168706.82,1693.71
2009,IA,2034571.001,28757.0,1522366.1800000002,1472839.98,49526.2
2009,ID,1071186.0,15217.0,1445113.51,1429417.97,15695.539999999999
2009,IL,3494171.0,45825.0,2958988.65,2939269.9299999997,19718.72
2009,IN,4408897.0,52401.0,7027750.9,6951400.76,76350.14
2009,KS,2133532.86,27421.0,3698594.84,3605280.2299999995,93314.61
2009,KY,5103670.3,81208.0,5042983.84,5028687.620000001,14296.22
2009,LA,4104083.0,73864.0,8496137.19,8325496.74,170640.45
2009,MA,12857114.0,204708.0,7655892.82,7617187.0,38705.82
2009,MD,1509949.056,30564.0,2414103.84,2405502.69,8601.15
2009,ME,6349989.3,74105.0,3059794.16,2891011.5,168782.66
2009,MI,1093919.4,12605.0,1561044.3800000001,1441742.21,119302.17
2009,MN,2994519.1,42310.0,1973911.21,1960874.42,13036.789999999999
2009,MO,8552662.131000001,109307.0,13737083.65,13566515.59,170568.06
2009,MS,898051.0,25096.0,934808.68,915061.05,19747.63
2009,MT,1307756.0,17490.0,1722733.5599999998,1676533.1600000001,46200.399999999994
2009,NC,22511230.950000003,331469.0,19862109.04,19210453.16,651655.88
2009,ND,396045.0,7067.0,394708.26,386495.77,8212.49
2009,NE,1334585.125,23590.0,1843946.1,1824400.24,19545.86
2009,NH,2476418.4,45730.0,2682851.31,2656436.27,26415.04
2009,NJ,7768692.064,122028.0,15467877.31,15284130.6,183746.71
2009,NM,89590.0,1781.0,24433.059999999998,24071.690000000002,361.37
2009,NV,2428734.0,27228.0,3445662.28,3433631.0,12031.279999999999
2009,NY,34748797.695,425372.0,58206416.94,58111449.97,94966.97
2009,OH,9998818.6,166710.0,11517052.55,11510040.510000002,7012.04
2009,OK,4170059.4,63789.0,7852272.5,7816507.12,35765.380000000005
2009,OR,2572032.0,31974.0,2637477.7299999995,2546044.15,91433.57999999999
2009,PA,7645625.0,107295.0,3476088.01,3082625.61,393462.4
2009,RI,464851.0,7408.0,51257.71,43959.159999999996,7298.549999999999
2009,SC,3495879.7,51229.0,3875953.34,3833725.38,42227.96
2009,SD,535938.0,8169.0,926947.5800000001,919678.84,7268.74
2009,TN,11179524.2,189800.0,11748616.63,11648167.879999999,100448.75
2009,TX,2163969.0,20688.0,8236125.26,8161985.52,74139.74
2009,UT,3304563.0,55999.0,4809117.42,4805813.1,3304.3199999999997
2009,VA,2753247.8499999996,46130.0,2940255.92,2869005.6,71250.32
2009,VT,2145084.0,35242.0,2063329.7000000002,2041928.99,21400.71
2009,WA,10485891.0,146891.0,8009244.37,7907224.71,102019.66
2009,WI,15958320.0,220686.0,17807584.259999998,16849233.259999998,958351.0
2009,WV,5058992.145,68918.0,4079217.15,4038987.12,40230.03
2009,WY,500856.0,8446.0,412846.19,405716.93,7129.26
2009,XX,278882716.794,3970189.0,348136920.07000005,343221964.9,4914955.17
2010,AK,1187493.0,22209.0,2525328.02,2512030.21,13297.810000000001
2010,AL,1850125.0,42626.0,3270369.62,3162510.2300000004,107859.38999999998
2010,AR,2176704.74,33468.0,1342675.92,1280788.42,61887.5
2010,AZ,24484569.200000003,394352.0,14441950.49,14198359.379999999,243591.11
2010,CA,18972957.058,216773.0,50152308.75,50001652.74,150656.01
2010,CO,8957266.0,132554.0,8486790.06,8449498.87,37291.19
2010,CT,9328506.0,184037.0,14077374.64,13979224.700000001,98149.94
2010,DC,997384.0,16569.0,1177570.7999999998,1171805.89,5764.91
2010,DE,8228751.0,112168.0,5070065.64,4872060.2,198005.44
2010,FL,38923994.25,399659.0,24412586.919999998,24379418.16,33168.759999999995
2010,GA,8236553.0,136300.0,6226452.920000001,5998599.96,227852.96
2010,HI,2137553.0,25021.0,7463045.48,7462911.86,133.62
2010,IA,2292348.0,31536.0,1397360.69,1343954.25,53406.44
2010,ID,1334744.8,18383.0,1699970.64,1687893.4,12077.240000000002
2010,IL,4294132.65,55433.0,3443395.79,3421570.0999999996,21825.690000000002
2010,IN,10728235.0,126841.0,10654644.709999999,10558459.690000001,96185.02
2010,KS,2804201.0,38071.0,4310137.2,4186643.12,123494.08
2010,KY,7886758.7,117282.0,7492571.800000001,7477774.37,14797.43
2010,LA,4563146.0,82788.0,8054424.54,7883134.08,171290.46
2010,MA,21690636.1,350898.0,12482562.649999999,12479411.16,3151.49
2010,MD,15338323.0,231088.0,7905732.949999999,7838012.209999999,67720.74
2010,ME,7046496.0,83105.0,3110766.67,2959888.9,150877.77
2010,MI,4320759.96,47849.0,3990416.5599999996,3914303.03,76113.53
2010,MN,7667606.2,119285.0,5603684.220000001,5535080.48,68603.73999999999
2010,MO,14081407.006000001,183653.0,20433430.52,20245786.259999998,187644.26
2010,MS,1054964.2,28119.0,1111180.77,1085436.6800000002,25744.089999999997
2010,MT,1383520.5,18710.0,1482896.12,1450147.0299999998,32749.090000000004
2010,NC,25925268.68,372999.0,21409104.71,20795598.75,613505.96
2010,ND,470354.5,8329.0,412893.35,408148.10000000003,4745.250000000001
2010,NE,1485701.345,25076.0,1970545.04,1948041.98,22503.06
2010,NH,2757824.2199999997,50519.0,2860379.7800000003,2835724.95,24654.83
2010,NJ,12480884.5,212178.0,19557051.55,19356231.5,200820.05000000002
2010,NM,1274240.0,16681.0,386790.41000000003,386676.95999999996,113.45
2010,NV,4596483.0,51501.0,5123879.459999999,5105709.07,18170.39
2010,NY,46217104.099,568223.0,69284271.11,69187266.74,97004.37
2010,OH,37633782.1,580462.0,33009863.44,32977586.619999997,32276.82
2010,OK,4791180.4,69877.0,7424277.83,7347514.370000001,76763.45999999999
2010,OR,8806785.0,115624.0,5219422.28,5097714.050000001,121708.23
2010,PA,22297747.0,319132.0,11443245.059999999,10898346.49,544898.57
2010,RI,1104064.0,14103.0,1649503.69,1635651.79,13851.9
2010,SC,5639852.0,86580.0,4869364.01,4842292.67,27071.339999999997
2010,SD,576888.0,8732.0,858609.49,845722.8400000001,12886.65
2010,TN,12426276.9,205960.0,11694600.21,11647839.62,46760.590000000004
2010,TX,2211660.0,21394.0,8722861.23,8618299.899999999,104561.32999999999
2010,UT,3574268.5,56839.0,4952161.67,4948767.4,3394.27
2010,VA,8213627.370999999,143245.0,6661707.24,6610954.460000001,50752.78
2010,VT,2869670.0,46477.0,2951284.8600000003,2923460.94,27823.920000000002
2010,WA,12238654.8,166467.0,8748213.0,8657448.8,90764.20000000001
2010,WI,19471211.2,261482.0,20826885.73,19608625.56,1218260.17
2010,WV,5173594.813,70660.0,3540504.34,3525707.44,14796.900000000001
2010,WY,621180.0,9921.0,460738.79,458083.03,2655.76
2010,XX,477706309.645,6766153.0,490479450.28999996,484618004.10999995,5861446.18
2011,AK,1285430.95,23007.0,3007546.6999999997,3001408.29,6138.41
2011,AL,2132201.2,46679.0,2659039.52,2558779.33,100260.19
2011,AR,2332231.0999999996,35613.0,1289398.99,1224710.21,64688.77999999999
2011,AZ,35755654.0,518528.0,19115246.72,18811427.439999998,303819.27999999997
2011,CA,21370506.11,248641.0,41337292.730000004,40982371.67,354921.06
2011,CO,11983370.100000001,168194.0,10955863.04,10876012.030000001,79851.01000000001
2011,CT,10943995.0,218621.0,14762738.73,14578160.329999998,184578.4
2011,DC,1667547.0,30452.0,1277206.19,1273657.9,3548.2899999999995
2011,DE,9325513.0,120590.0,5397987.57,5173298.83,224688.74
2011,FL,45035718.0,471964.0,23661270.66,23600008.17,61262.49
2011,GA,10129734.1,164942.0,5081651.08,5032352.65,49298.43
2011,HI,3574715.0,40061.0,10767888.22,10767830.24,57.98
2011,IA,2531626.0,33974.0,1465427.58,1414682.9100000001,50744.67
2011,ID,1613469.0,21120.0,1566583.81,1548377.06,18206.75
2011,IL,3595683.1,45632.0,2554152.44,2530010.09,24142.35
2011,IN,11229407.620000001,125294.0,7145951.29,7099090.23,46861.06
2011,KS,3409943.0,48476.0,4958446.539999999,4796048.99,162397.55
2011,KY,10223433.5,142556.0,8032371.07,8010367.5600000005,22003.510000000002
2011,LA,4107115.0,74403.0,5503047.6,5387650.14,115397.45999999999
2011,MA,23202113.6,355196.0,12950684.95,12803720.59,146964.36
2011,MD,21910373.0,329166.0,9302021.79,9203167.76,98854.03
2011,ME,7720027.0,88176.0,2833300.54,2717683.77,115616.76999999999
2011,MI,6744510.0,73985.0,4305189.1,4152597.6399999997,152591.46
2011,MN,12454756.6,197247.0,7877041.4,7772746.28,104295.12
2011,MO,14957131.111,191416.0,20216144.6,20029330.95,186813.65
2011,MS,1265215.0,31173.0,1350489.5499999998,1326534.8,23954.75
2011,MT,1466208.0,19263.0,1396886.8199999998,1367562.14,29324.68
2011,NC,27069274.832000002,388809.0,17760282.58,17092557.480000004,667725.1000000001
2011,ND,531829.0,9151.0,391271.39,389593.48,1677.9099999999999
2011,NE,1673993.35,29611.0,2313906.6,2269750.15,44156.45
2011,NH,2622903.77,47506.0,2053677.7500000002,2037230.96,16446.79
2011,NJ,16323708.3,253373.0,17737177.55,17622463.17,114714.38
2011,NM,6618483.0,83386.0,5834868.36,5832938.65,1929.71
2011,NV,5994133.15,64387.0,4246662.03,4228488.09,18173.940000000002
2011,NY,53974066.28,666109.0,42843031.26,42768079.5,74951.76000000001
2011,OH,41891514.5,650369.0,30497347.740000002,30488807.18,8540.56
2011,OK,5592887.5,77733.0,6959825.26,6887387.78,72437.48
2011,OR,14819390.0,198365.0,7404313.12,7342960.81,61352.31
2011,PA,43535496.0,611389.0,23231772.21,22340403.9,891368.31
2011,RI,2433210.0,36784.0,1651660.29,1643072.7799999998,8587.51
2011,SC,6796018.0,98080.0,4509118.58,4501681.25,7437.33
2011,SD,557771.0,8448.0,639642.65,632714.45,6928.2
2011,TN,13898436.36,223292.0,8934050.82,8898045.57,36005.25
2011,TX,2032115.0,19740.0,7233537.85,7170193.700000001,63344.149999999994
2011,UT,4138214.7,67385.0,4603613.35,4599300.74,4312.61
2011,VA,12757657.583,195823.0,9231434.66,9155757.649999999,75677.01
2011,VT,2670371.0,40704.0,2374894.38,2363877.55,11016.83
2011,WA,18046667.8,269267.0,9955663.629999999,9867150.73,88512.9
2011,WI,22559393.0,277785.0,19155763.09,17913054.03,1242709.06
2011,WV,5660074.995,76008.0,3027780.42,3008404.16,19376.26
2011,WY,665725.0,10292.0,501210.1,491826.41000000003,9383.69
2011,XX,597376259.941,8301631.0,468203506.86,461802648.65999997,6400858.199999999
2012,AK,1077146.0,19183.0,1744406.57,1738232.22,6174.35
2012,AL,2386815.5,50377.0,2544192.5,2459454.5199999996,84737.98
2012,AR,2645509.2,38763.0,1437738.19,1369408.2399999998,68329.95
2012,AZ,32420354.0,415983.0,15639996.990000002,15385315.02,254681.96999999997
2012,CA,22812099.2,270815.0,33844009.160000004,33445511.24,398497.92000000004
2012,CO,14122339.0,197294.0,11493753.29,11407433.760000002,86319.53
2012,CT,12191019.4,235340.0,14847315.0,14651126.48,196188.52
2012,DC,2901416.0,55457.0,2104975.66,2096260.17,8715.490000000002
2012,DE,6122401.0,91572.0,4176891.8499999996,3997025.05,179866.8
2012,FL,28305512.0,354891.0,14525079.59,14509153.74,15925.85
2012,GA,12698249.0,197043.0,6234480.78,6173866.29,60614.490000000005
2012,HI,4220136.0,48290.0,5435445.4,5435394.66,50.739999999999995
2012,IA,2666811.0,35312.0,1461264.31,1459791.63,1472.6799999999996
2012,ID,1954621.9,24232.0,1596840.7000000002,1582244.4899999998,14596.21
2012,IL,4996040.5,64376.0,3541069.89,3084648.46,456421.43
2012,IN,13854918.0,160788.0,9336984.55,8978268.059999999,358716.49
2012,KS,3572265.0,48592.0,5086139.5600000005,4931855.8100000005,154283.75
2012,KY,10206935.98,143720.0,6073254.27,5987946.24,85308.03
2012,LA,4471506.0,79484.0,4997502.75,4916607.62,80895.13
2012,MA,24406838.2,348138.0,12433790.57,12093821.469999999,339969.1
2012,MD,21061343.891000003,338275.0,7218532.959999999,7180291.97,38240.990000000005
2012,ME,6722145.0,77144.0,2392008.4,2377391.8,14616.599999999999
2012,MI,7522996.199999999,81752.0,4363879.890000001,4215035.02,148844.87
2012,MN,14894407.5,230251.0,9529847.68,9397394.33,132453.35
2012,MO,15712170.43,196348.0,20528748.82,20250375.31,278373.51
2012,MS,1534928.0,36142.0,1651989.97,1585895.1999999997,66094.76999999999
2012,MT,1553120.0,19423.0,1302521.95,1277661.37,24860.579999999998
2012,NC,29307709.663,412379.0,18325303.96,17567592.619999997,757711.3400000001
2012,ND,578517.0,9172.0,411697.20999999996,408879.63,2817.58
2012,NE,1803835.0,31481.0,2778308.0999999996,2744751.85,33556.25
2012,NH,2371317.72,42458.0,1599139.19,1583639.35,15499.84
2012,NJ,19663280.11,323759.0,18164508.28,17306601.32,857906.96
2012,NM,7700530.6,93966.0,5016340.09,5005264.85,11075.24
2012,NV,7405912.7,80886.0,4635346.8100000005,4148700.4299999997,486646.38
2012,NY,56054344.307,704574.0,39828580.21,39761187.260000005,67392.95
2012,OH,44824197.89,673687.0,27166655.880000003,27156651.130000003,10004.75
2012,OK,5884752.821,81276.0,6621496.08,6546054.78,75441.29999999999
2012,OR,11517478.5,153419.0,5741178.25,5713575.84,27602.410000000003
2012,PA,41247501.6,562745.0,19686924.68,18880897.07,806027.6100000001
2012,RI,2374128.0,33712.0,1538373.1999999997,1534508.46,3864.7400000000002
2012,SC,7943613.0,112137.0,4603119.52,4593556.300000001,9563.22
2012,SD,565332.0,8937.0,710437.42,706098.95,4338.469999999999
2012,TN,15177628.792,237965.0,9769255.54,9709472.73,59782.810000000005
2012,TX,2367627.0,23207.0,6779071.93,6743331.52,35740.41
2012,UT,3986220.0,65635.0,3345418.04,3337739.08,7678.960000000001
2012,VA,13237795.166000001,219181.0,15158069.33,15059598.989999998,98470.34
2012,VT,2623749.0,39766.0,2232570.58,2210303.0200000005,22267.56
2012,WA,11813775.438000001,161894.0,6555684.08,6485080.17,70603.91
2012,WI,22860931.5,269519.0,14463632.459999999,13783709.759999998,679922.7
2012,WV,6366707.0,80519.0,3124447.73,3094584.04,29863.69
2012,WY,775812.0,11049.0,636421.1699999999,636400.08,21.09
2012,XX,597800589.811,8322092.0,427371097.49,419542473.57000005,7828623.92
2013,AK,955549.0,16958.0,1416725.5699999998,1414753.74,1971.83
2013,AL,2589879.45,52234.0,2793156.5,2701763.26,91393.23999999999
2013,AR,2455634.8,38108.0,1353023.21,1284797.65,68225.56
2013,AZ,47370423.0,435580.0,17029932.66,16762449.38,267483.28
2013,CA,22540984.5,269860.0,29865565.54,29544966.76,320598.78
2013,CO,14328821.067,208027.0,10444034.85,10377729.25,66305.6
2013,CT,12730087.4,242060.0,15163925.32,14905305.27,258620.05
2013,DC,2106965.0,42068.0,1215487.09,1207332.09,8155.0
2013,DE,3689286.0,74157.0,3506906.9699999997,3358382.69,148524.28
2013,FL,23446566.765,330869.0,11175661.68,11160187.21,15474.470000000001
2013,GA,12513999.2,190473.0,5725213.61,5637506.9399999995,87706.67
2013,HI,3480497.0,39492.0,1964620.68,1964405.2799999998,215.39999999999998
2013,IA,2522673.5,33391.0,1428678.98,1428607.21,71.77000000000001
2013,ID,2121217.8,25032.0,1594300.33,1576926.64,17373.69
2013,IL,3269889.0,41498.0,2226086.69,1982153.15,243933.54000000004
2013,IN,13790686.5,153633.0,9883320.400000002,9352976.24,530344.16
2013,KS,1093111.0,17033.0,1355786.8699999999,1300307.16,55479.71
2013,KY,6219984.4,90262.0,3250218.6600000006,3192091.67,58126.990000000005
2013,LA,4681947.0,81187.0,3731275.9099999997,3691066.8600000003,40209.049999999996
2013,MA,25039527.9,381196.0,12548926.24,12279286.81,269639.43
2013,MD,20860427.818000004,335565.0,7303119.859999999,7149540.6,153579.25999999998
2013,ME,4645251.0,57996.0,2041037.8900000001,2041002.78,35.11
2013,MI,8313636.9,90203.0,4812158.65,4683293.95,128864.70000000001
2013,MN,14648317.967999998,226026.0,9882329.04,9739456.32,142872.72
2013,MO,14827894.95,183387.0,19383453.770000003,19194077.939999998,189375.83
2013,MS,1720196.0,35581.0,1748974.16,1676176.06,72798.1
2013,MT,1570250.5,18747.0,1273176.2200000002,1250905.78,22270.440000000002
2013,NC,32101742.12,427483.0,21365258.979999997,21025944.990000002,339313.99
2013,ND,560827.0,8930.0,381608.87,379479.06000000006,2129.81
2013,NE,1693477.506,29128.0,2348503.42,2308966.45,39536.97
2013,NH,2468116.0700000003,40789.0,1588866.9699999997,1566779.2,22087.77
2013,NJ,17567694.509999998,285115.0,15976164.920000002,15422458.2,553706.72
2013,NM,7092258.5,88282.0,4433158.670000001,4428629.370000001,4529.299999999999
2013,NV,6754759.725,75279.0,4110371.4499999997,3476801.92,633569.53
2013,NY,57696809.684,747999.0,37565400.72,37507331.300000004,58069.42
2013,OH,40512300.044,612318.0,22989114.46,22981205.540000003,7908.92
2013,OK,6345880.666999999,83316.0,6683011.35,6607755.49,75255.86
2013,OR,13577489.5,180462.0,6129193.73,6088464.76,40728.97
2013,PA,41138619.900000006,553737.0,19283638.62,18586431.68,697206.9400000001
2013,RI,2244145.0,33553.0,1347408.46,1337964.97,9443.490000000002
2013,SC,7801013.5,110556.0,4330415.91,4323308.379999999,7107.530000000001
2013,SD,517787.0,8209.0,700421.36,694782.6499999999,5638.709999999999
2013,TN,14527409.001,217827.0,10011036.59,9984637.879999999,26398.71
2013,TX,2573021.0,25052.0,5873201.32,5847780.56,25420.76
2013,UT,4605740.2,74537.0,3254429.78,3231663.46,22766.32
2013,VA,12869495.605,210624.0,15121883.81,15016193.86,105689.95000000001
2013,VT,2529341.5,38388.0,2257024.8000000003,2241537.68,15487.12
2013,WA,13074748.495000001,178936.0,6429264.9,6358077.600000001,71187.3
2013,WI,21164987.998,250437.0,13476051.379999999,12900004.43,576046.95
2013,WV,6033371.0,77402.0,2841455.2300000004,2756061.83,85393.4
2013,WY,765619.0,10562.0,720339.22,720339.22,0.0
2013,XX,592207258.133,8112120.0,396379877.78999996,389591454.59000003,6788427.32
2014,AK,1009595.8,18185.0,1619129.42,1611400.5699999998,7728.85
2014,AL,2974014.666,57216.0,3652988.5900000003,3506467.99,146520.59999999998
2014,AR,3492300.0999999996,52500.0,2943823.4299999997,2830731.84,113091.59
2014,AZ,37108487.6,495444.0,21306157.44,21047904.16,258253.28
2014,CA,28076878.981,377968.0,34622731.97,34058145.67,564586.3
2014,CO,19164736.4,317713.0,14277197.24,14183702.64,93494.6
2014,CT,14068467.0,263224.0,18775102.080000002,18518632.730000004,256469.34999999998
2014,DC,2174940.5,43012.0,1408852.1099999999,1398297.19,10554.92
2014,DE,3505977.336,72886.0,4218460.58,4080467.2399999998,137993.34
2014,FL,25574925.5,377910.0,18230254.24,18186512.049999997,43742.19
2014,GA,13495539.0,206097.0,9675876.57,9577647.77,98228.8
2014,HI,3595087.0,47345.0,10009811.730000002,10009132.350000001,679.3800000000001
2014,IA,3425574.0,47057.0,1929255.85,1929246.82,9.030000000000001
2014,ID,2257581.25,26405.0,2144915.87,2121043.05,23872.82
2014,IL,4109089.8,52210.0,3248034.1799999997,3003116.96,244917.22
2014,IN,12724942.42,147685.0,12890069.290000001,12431744.190000001,458325.1
2014,KS,7144932.5,101572.0,9380123.120000001,9033770.82,346352.30000000005
2014,KY,4436865.4,72912.0,3511881.94,3443097.3200000003,68784.62
2014,LA,4388364.0,74611.0,3940093.3399999994,3903367.0,36726.34
2014,MA,24480866.4,401394.0,14778825.780000001,13886998.510000002,891827.27
2014,MD,24805773.166,408297.0,11458867.05,11101226.56,357640.49
2014,ME,3810094.84,45750.0,2512301.71,2455947.74,56353.97
2014,MI,10832119.5,121072.0,7611032.7299999995,7497146.64,113886.09
2014,MN,17379502.21,266817.0,13690704.57,13538146.34,152558.23
2014,MO,14293812.64,173925.0,23521715.839999996,23463239.9,58475.94
2014,MS,2127510.0,41615.0,2591776.0,2510188.14,81587.86000000002
2014,MT,1642442.0,21030.0,1709434.19,1662808.55,46625.64
2014,NC,33751400.85,442224.0,30406095.15,30228567.6,177527.55
2014,ND,777425.0,12733.0,621499.05,612416.78,9082.27
2014,NE,1740162.0,29041.0,2693353.2399999998,2665390.5300000003,27962.710000000003
2014,NH,2445516.0,40029.0,1636811.8800000001,1630744.65,6067.2300000000005
2014,NJ,23659236.63,375453.0,23172849.15,23014556.01,158293.14
2014,NM,8177267.5,113188.0,4860045.63,4854196.83,5848.8
2014,NV,8917108.583,112980.0,6572832.8100000005,5854061.54,718771.27
2014,NY,59635432.81999999,801992.0,48107953.900000006,48013072.39,94881.51000000001
2014,OH,40692417.4,639814.0,26528667.880000003,26519167.08,9500.800000000001
2014,OK,7288969.0,90523.0,9432317.41,9359498.5,72818.91
2014,OR,16586841.054,240787.0,9452499.23,8980784.719999999,471714.50999999995
2014,PA,42531656.24,567994.0,27548002.2,26608118.930000003,939883.27
2014,RI,3074952.0,51533.0,2016786.52,2012733.05,4053.47
2014,SC,8073319.556,119074.0,5854058.640000001,5847060.25,6998.389999999999
2014,SD,467827.0,7783.0,606981.1599999999,604277.44,2703.72
2014,TN,17072364.556,248724.0,14844335.44,14817329.700000001,27005.74
2014,TX,2770803.0,27408.0,5974831.720000001,5892306.540000001,82525.18
2014,UT,5053934.35,78610.0,4704481.199999999,4662758.8,41722.399999999994
2014,VA,12886865.852,199290.0,12225823.459999999,12122632.799999999,103190.66
2014,VT,2536123.0,38221.0,2631334.84,2617358.2600000002,13976.580000000002
2014,WA,21656639.2,313764.0,9219119.1,9130180.45,88938.65
2014,WI,22507464.0,276758.0,19585341.0,19116885.68,468455.31999999995
2014,WV,8034130.0,107393.0,6448328.529999999,6369897.35,78431.18
2014,WY,898917.0,12052.0,992620.5900000001,992620.5900000001,0.0
2014,XX,646220205.8669999,9317392.0,535925314.85,527439316.81000006,8485998.04
2015,AK,1110996.54,20159.0,1517101.1099999999,1512098.08,5003.030000000001
2015,AL,3724018.979,70923.0,4012780.4,3817182.0999999996,195598.30000000002
2015,AR,4114021.2,58912.0,3363199.8200000003,3346214.4800000004,16985.339999999997
2015,AZ,42086345.2,559134.0,24991403.8,24652768.59,338635.20999999996
2015,CA,37119616.24,501371.0,39686014.699999996,38947769.730000004,738244.97
2015,CO,19830634.31,349875.0,14484365.78,14373875.2,110490.58
2015,CT,15270330.0,282503.0,19146199.75,19002564.57,143635.18
2015,DC,2225048.5,43251.0,1440817.73,1431767.73,9050.0
2015,DE,3667827.0,71630.0,3616820.24,3608085.96,8734.28
2015,FL,28885554.58,434790.0,18267710.89,18238786.729999997,28924.16
2015,GA,15661112.5,235266.0,10971543.649999999,10855747.120000001,115796.53
2015,HI,4005718.0,57211.0,27890850.91,27890846.67,4.24
2015,IA,4009450.5,57154.0,2107142.6,2104537.53,2605.07
2015,ID,2145926.7199999997,25593.0,1901747.37,1886705.2000000002,15042.170000000002
2015,IL,5923275.6,73566.0,3921684.46,3817500.24,104184.22
2015,IN,13532736.2,162900.0,12249364.44,11988688.98,260675.45999999996
2015,KS,3913806.0,55871.0,5073768.76,4867176.220000001,206592.53999999998
2015,KY,5104329.6,88146.0,4303281.3100000005,4211108.94,92172.37000000001
2015,LA,6144165.5,104757.0,4530362.93,4433401.4799999995,96961.45000000001
2015,MA,23633797.75,389069.0,12806452.71,11961921.48,844531.23
2015,MD,27237349.947,425592.0,12796513.24,12352788.309999999,443724.93
2015,ME,3531728.2,45225.0,2296795.99,2214812.62,81983.37
2015,MI,14085145.0,159859.0,8861998.4,8802559.620000001,59438.780000000006
2015,MN,16750769.25,261074.0,12258295.049999999,12113445.46,144849.58999999997
2015,MO,16092970.68,201511.0,24656299.479999997,24586731.19,69568.29000000001
2015,MS,2265137.0,51162.0,3764335.3200000003,3664856.41,99478.91
2015,MT,1686883.0,22587.0,1642555.3199999998,1612384.9200000002,30170.4
2015,NC,35282839.7,469556.0,27573484.73,27321656.57,251828.16
2015,ND,957104.0,16063.0,775865.38,768022.79,7842.589999999999
2015,NE,1764953.0,29187.0,2752436.25,2736015.41,16420.839999999997
2015,NH,2941476.5,49492.0,1919714.45,1914936.84,4777.610000000001
2015,NJ,30645066.531999998,487945.0,26244738.43,25982662.54,262075.88999999998
2015,NM,8011782.5,117144.0,4159056.75,4149005.4699999997,10051.279999999999
2015,NV,12590529.578,156091.0,7953274.42,7388627.649999999,564646.77
2015,NY,65391232.119,888095.0,43357949.54000001,43254643.33,103306.21000000002
2015,OH,54518396.4,864236.0,31188357.81,31161746.44,26611.37
2015,OK,6991791.65,94835.0,8982033.84,8854622.059999999,127411.78
2015,OR,18769943.926,280101.0,10091912.829999998,9846595.58,245317.25
2015,PA,52227147.94,721196.0,29086054.32,28096520.72,989533.5999999999
2015,RI,3756085.0,61154.0,2143039.37,2121161.8899999997,21877.48
2015,SC,9039339.0,131880.0,6010042.75,6004730.27,5312.4800000000005
2015,SD,622691.0,10224.0,912045.96,906606.4099999999,5439.55
2015,TN,19653022.2,283281.0,13064304.94,13025918.03,38386.909999999996
2015,TX,2904059.0,31796.0,5467865.869999999,5414543.840000001,53322.030000000006
2015,UT,5329776.800000001,79475.0,4388698.82,4360468.850000001,28229.97
2015,VA,12874144.647999998,201300.0,10609674.42,10539433.14,70241.28
2015,VT,2540355.5,39043.0,2528410.1399999997,2528008.17,401.96999999999997
2015,WA,24027679.58,352151.0,10989024.780000001,10884017.85,105006.93000000001
2015,WI,25997488.3,317925.0,20550350.61,20129787.490000002,420563.12
2015,WV,7936916.0,108856.0,5423466.41,5362738.28,60728.13
2015,WY,970570.5,12879.0,1016062.28,1016062.28,0.0
2015,XX,733614960.234,10664410.0,567224467.9,559286768.6099999,7937699.289999999
2016,AK,1509027.112,27498.0,1736619.57,1729515.01,7104.56
2016,AL,4064717.477,76836.0,4012349.95,3702262.6100000003,310087.33999999997
2016,AR,3656479.5,56320.0,2211635.8,2200674.16,10961.64
2016,AZ,46024605.1,590454.0,25801680.11,25582258.869999997,219421.24000000002
2016,CA,37821256.599999994,514173.0,36655209.87,35242631.28,1412578.59
2016,CO,19855361.82,343671.0,12229002.93,12154985.059999999,74017.87000000001
2016,CT,13438846.0,242897.0,14042347.239999998,13955093.729999999,87253.51000000001
2016,DC,2145852.0,41047.0,1094928.5299999998,1084142.1,10786.43
2016,DE,3746214.5,71823.0,3086110.8499999996,2732008.0999999996,354102.74999999994
2016,FL,30353250.7,444656.0,17632399.86,17612576.15,19823.71
2016,GA,15720971.98,230865.0,9068210.1,8964819.97,103390.13
2016,HI,3321246.0,48236.0,16278777.66,16277608.440000001,1169.22
2016,IA,3305121.0,48817.0,1772539.49,1761011.96,11527.530000000002
2016,ID,1956479.7,23809.0,1660026.1,1644005.8900000001,16020.210000000001
2016,IL,7013689.55,84736.0,3904354.3000000003,3805733.18,98621.12000000001
2016,IN,15998953.86,194912.0,13925800.36,13756025.7,169774.66
2016,KS,4065301.8,57207.0,5019873.25,4801748.69,218124.56
2016,KY,8746387.3,133926.0,5770895.57,5709279.46,61616.10999999999
2016,LA,7522583.0,126771.0,4717872.33,4599474.69,118397.64
2016,MA,21025621.431,340027.0,11360057.66,10679988.45,680069.21
2016,MD,27450617.711999997,416535.0,12587805.91,12204244.61,383561.3
2016,ME,2974103.5,39564.0,1962703.64,1877921.71,84781.93
2016,MI,15799255.64,186268.0,9500005.459999999,9450084.59,49920.869999999995
2016,MN,15124791.56,237821.0,9996184.27,9873446.900000002,122737.37000000001
2016,MO,15448236.43,194808.0,22742097.08,22682103.439999998,59993.64
2016,MS,2385554.0,53042.0,2422507.01,2298955.2600000002,123551.75
2016,MT,2616174.4,37846.0,2011373.46,2005813.92,5559.54
2016,NC,33426818.5,440753.0,26689016.39,26468161.6,220854.79
2016,ND,878397.0,14931.0,656382.6199999999,652993.6900000001,3388.93
2016,NE,1780602.0,29434.0,2824806.83,2808675.41,16131.420000000002
2016,NH,1848064.9,32059.0,1418394.06,1414490.34,3903.7200000000003
2016,NJ,36527853.32,552301.0,28988475.689999998,28706957.339999996,281518.35000000003
2016,NM,8196995.5,120775.0,3735800.75,3723999.82,11800.93
2016,NV,13808619.34,167626.0,8007222.29,7535216.02,472006.27
2016,NY,64319608.155999996,868128.0,42390555.480000004,42303672.78999999,86882.68999999999
2016,OH,54242452.526,847729.0,28269067.02,28207808.380000003,61258.64
2016,OK,7053810.0,96398.0,9107254.53,8976308.440000001,130946.09
2016,OR,16324070.0,249714.0,6957606.42,6929151.380000001,28455.039999999997
2016,PA,54504351.901,746902.0,25935117.88,25286434.099999998,648683.78
2016,RI,3528989.0,56322.0,1854735.4,1854113.2000000002,622.2
2016,SC,8072873.0,114338.0,4845948.1899999995,4841318.08,4630.11
2016,SD,674984.0,11000.0,1070074.0699999998,1067141.41,2932.66
2016,TN,20504252.7,298005.0,10907771.93,10859470.0,48301.93000000001
2016,TX,3021648.0,34148.0,4946861.300000001,4884237.07,62624.23
2016,UT,5543867.4,76583.0,4048544.08,4023462.91,25081.17
2016,VA,12141822.401,191303.0,8894941.98,8856522.58,38419.4
2016,VT,2386897.0,37273.0,2013253.67,2012561.89,691.78
2016,WA,23896482.13,348331.0,10777042.850000001,10683972.89,93069.95999999999
2016,WI,24816546.597999997,300435.0,18314472.270000003,17913124.0,401348.26999999996
2016,WV,6531964.4,93655.0,3719089.2199999997,3670227.2199999997,48862.0
2016,WY,817238.75,10951.0,771345.57,771345.57,0.0
2016,XX,742976032.367,10667527.0,520169361.89,512344194.78999996,7825167.1
2017,AK,1597126.0,28990.0,1541589.0,1539794.3699999999,1794.6299999999999
2017,AL,3957395.45,72355.0,3148733.37,2987610.58,161122.79
2017,AR,3507156.9,57475.0,1498461.27,1493342.04,5119.2300000000005
2017,AZ,35273743.3,460050.0,18204761.01,18039945.52,164815.49
2017,CA,34968787.72,480587.0,28486857.54,27797684.44,689173.1
2017,CO,16971093.200000003,284445.0,10091715.48,10039209.979999999,52505.5
2017,CT,11034242.1,193978.0,10225166.5,10153574.42,71592.08
2017,DC,1751285.0,33556.0,783448.38,770487.66,12960.720000000001
2017,DE,2856540.4,53404.0,2280544.25,10655.76,2269888.49
2017,FL,31002846.6,438169.0,15481958.55,15447962.48,33996.07
2017,GA,15281229.5,222409.0,7795054.35,7723951.79,71102.56
2017,HI,3662690.5,49487.0,1851768.06,1851675.04,93.02000000000001
2017,IA,2507380.6,39516.0,1120487.22,1070770.25,49716.97
2017,ID,1871394.9,23390.0,1504694.0,1491123.75,13570.25
2017,IL,6524957.7,80277.0,3376999.25,3305595.02,71404.23000000001
2017,IN,12247759.0,155924.0,10212644.38,10120307.2,92337.18
2017,KS,5326596.3,76041.0,6207706.74,5955904.76,251801.97999999998
2017,KY,13556747.399999999,194327.0,7366909.88,7297877.34,69032.54000000001
2017,LA,7818546.5,141304.0,4050886.0300000003,3935042.75,115843.28
2017,MA,16131017.26,261301.0,9530378.61,9057970.6,472408.01
2017,MD,25342620.312,369007.0,10903219.66,10620904.379999999,282315.28
2017,ME,2204058.4,31042.0,1446046.3699999999,1396701.2,49345.17
2017,MI,13544727.453,170145.0,7445139.23,7418802.1,26337.13
2017,MN,13807646.61,218364.0,7554828.73,7474493.73,80335.0
2017,MO,13225831.550999999,170069.0,18699570.919999998,18641072.04,58498.88
2017,MS,2343256.0,50647.0,1491890.35,1387234.71,104655.63999999998
2017,MT,2702035.6,40076.0,1845434.77,1831125.19,14309.58
2017,NC,28748445.5,395262.0,22609137.42,22438502.42,170635.0
2017,ND,698416.0,12690.0,400752.17000000004,400243.49,508.67999999999995
2017,NE,1656366.0,29421.0,2921961.19,2850341.76,71619.43
2017,NH,1225678.47,19687.0,1005282.27,1004469.02,813.25
2017,NJ,26541072.900000002,391628.0,19995521.04,19826616.599999998,168904.44
2017,NM,7063066.51,101394.0,3108826.49,3092989.0,15837.489999999998
2017,NV,11673124.0,145186.0,6049218.539999999,5695425.9399999995,353792.6
2017,NY,51942393.479,736307.0,33007275.700000003,32972383.31,34892.39
2017,OH,53655264.912,759871.0,25325991.900000002,25254590.67,71401.23
2017,OK,6729599.0,90678.0,8058505.9399999995,7991725.36,66780.58
2017,OR,13931577.129999999,222432.0,4806791.2,4798418.46,8372.74
2017,PA,49711841.22,666240.0,22802066.65,22264658.229999997,537408.4199999999
2017,RI,3003559.0,49936.0,1443943.05,1443382.1,560.95
2017,SC,7130614.0,102900.0,3748938.0,3748163.31,774.69
2017,SD,549960.0,8858.0,537610.9,533068.66,4542.24
2017,TN,18240185.28,260880.0,6857717.36,6773108.54,84608.82
2017,TX,2944855.55,34013.0,3994003.69,3924986.4000000004,69017.29000000001
2017,UT,4170394.94,59536.0,2889781.63,2857992.5900000003,31789.04
2017,VA,8056432.74,138554.0,5644097.91,5577071.2,67026.70999999999
2017,VT,1900238.0,29806.0,1603004.4000000001,1602230.97,773.4300000000001
2017,WA,22313910.95,326978.0,7995985.77,7970135.25,25850.52
2017,WI,19468151.7,238130.0,12832491.98,12550907.740000002,281584.24
2017,WV,4937787.0,73014.0,2329669.41,2290586.46,39082.95
2017,WY,722522.1,9823.0,598426.86,597499.24,927.6200000000001
2017,XX,653187431.937,9368927.0,404698931.15000004,396788483.63,7910447.5200000005
2018,AK,1368172.0359999998,23946.0,1315734.37,1312924.98,2809.39
2018,AL,3542433.66,66914.0,2331927.36,2188610.91,143316.45
2018,AR,2737224.6500000004,47129.0,1080255.5,1077666.3399999999,2589.16
2018,AZ,26665272.3,351673.0,12058595.35,11942087.75,116507.59999999999
2018,CA,30086078.7,432085.0,22457414.479999997,22140122.910000004,317291.57
2018,CO,13671528.1,228355.0,7535650.43,7512304.9,23345.53
2018,CT,9538085.0,164585.0,8289861.299999999,8244787.750000001,45073.55
2018,DC,1328870.0,26712.0,552987.76,543187.97,9799.79
2018,DE,3069771.0,54839.0,82291.69,5987.450000000001,76304.24
2018,FL,24749055.552,354236.0,10487223.780000001,10445414.23,41809.55
2018,GA,13229168.5,192370.0,5597143.4799999995,5551426.4,45717.08
2018,HI,2935915.0,39389.0,1161830.1099999999,1161830.1099999999,0.0
2018,IA,1690254.5,26333.0,594324.92,576450.68,17874.239999999998
2018,ID,1435451.0,18388.0,1046514.55,1041753.9,4760.65
2018,IL,4334149.1,58169.0,1696913.95,1633710.73,63203.22
2018,IN,9506904.42,124508.0,6866722.03,6792862.55,73859.48
2018,KS,3229505.2,47285.0,3695070.58,3526052.87,169017.71
2018,KY,13710182.34,200902.0,5390796.92,5337361.8,53435.12
2018,LA,5223737.9,107998.0,2229012.74,2134339.7199999997,94673.02
2018,MA,13678775.350000001,224253.0,8178267.3100000005,7735948.529999999,442318.78
2018,MD,21556189.908,318228.0,8330920.890000001,8138417.47,192503.42
2018,ME,1841349.9,26301.0,1349841.42,1311058.58,38782.84
2018,MI,10646345.33,144725.0,5551926.5200000005,5537957.65,13968.869999999999
2018,MN,10137374.88,169739.0,5529516.470000001,5433194.390000001,96322.08000000002
2018,MO,9596023.85,135263.0,13266843.04,13203500.690000001,63342.35
2018,MS,2084503.0,45231.0,1343834.2399999998,1253028.39,90805.84999999999
2018,MT,2418896.75,37330.0,1333415.26,1318822.83,14592.43
2018,NC,19528111.0,277396.0,17025504.12,16905952.63,119551.49
2018,ND,523697.5,10046.0,226037.31,225346.66000000003,690.6500000000001
2018,NE,1538965.1,27380.0,2602575.87,2483527.3500000006,119048.52
2018,NH,1190243.01,18601.0,911952.41,911800.59,151.82
2018,NJ,20560387.805,313247.0,14645112.36,14520750.549999999,124361.81000000001
2018,NM,5625930.08,82093.0,2156529.67,2147045.26,9484.41
2018,NV,9697593.3,119515.0,4577086.779999999,4393596.93,183489.85000000003
2018,NY,42204816.97,628702.0,12205236.59,12145071.8,60164.79000000001
2018,OH,31684719.124,502661.0,14832160.77,14775971.6,56189.170000000006
2018,OK,5614467.0,75650.0,5811364.61,5755912.170000001,55452.44
2018,OR,9526054.8,157295.0,2895644.88,2888359.06,7285.82
2018,PA,26969096.488,396528.0,13300719.05,12894556.469999999,406162.57999999996
2018,RI,2326979.5,41094.0,1292183.13,1292048.23,134.9
2018,SC,5350565.0,79041.0,2522115.05,2521833.08,281.97
2018,SD,406900.0,6454.0,476619.08999999997,466428.73000000004,10190.36
2018,TN,13434979.9,167499.0,4291523.99,4251023.08,40500.90999999999
2018,TX,2474556.455,30796.0,3139474.71,3063946.35,75528.35999999999
2018,UT,3201332.0,47579.0,1929068.24,1903751.33,25316.909999999996
2018,VA,6081506.1110000005,104749.0,5917524.57,5863450.959999999,54073.61
2018,VT,1524813.0,23554.0,1353471.84,1352771.77,700.07
2018,WA,17507121.78,260557.0,5163664.850000001,5130781.84,32883.009999999995
2018,WI,13868057.6,181935.0,8428126.54,8225286.720000001,202839.82
2018,WV,3551134.5,54641.0,1487532.87,1477878.06,9654.81
2018,WY,551781.7,8267.0,486241.76,483274.1,2967.6600000000003
2018,XX,494282935.32699996,7354415.0,276327428.57,272130382.88,4197045.69
2019,AK,1113956.0,19541.0,1011180.18,1002142.56,9037.62
2019,AL,2773846.46,52220.0,1939045.57,1820959.26,118086.31
2019,AR,2124069.0,39154.0,758111.68,757251.3,860.38
2019,AZ,22044408.1,294211.0,10175668.259999998,10115731.04,59937.219999999994
2019,CA,25343730.4,378860.0,17264930.92,17174278.189999998,90652.73
2019,CO,11222119.899999999,184726.0,5721581.96,5700940.96,20641.0
2019,CT,8904132.3,150641.0,7572315.379999999,7522258.1,50057.28
2019,DC,1199244.0,23511.0,531728.47,523139.51999999996,8588.95
2019,DE,2764429.3,49691.0,71357.5,14516.789999999999,56840.71
2019,FL,19554995.84,287305.0,9276594.739999998,9249233.89,27360.85
2019,GA,11944053.5,173576.0,4792769.970000001,4761170.76,31599.210000000003
2019,HI,2089169.0,29883.0,716271.99,716271.99,0.0
2019,IA,1501326.24,25721.0,574093.65,537444.75,36648.9
2019,ID,1282938.0,16852.0,826647.77,825367.98,1279.79
2019,IL,3725954.0,55056.0,1938214.93,1896811.19,41403.74
2019,IN,8364620.73,113564.0,5438114.2,5387746.75,50367.45
2019,KS,1920790.75,32034.0,2191539.96,2080360.63,111179.33
2019,KY,9345094.5,137444.0,3662259.69,3630644.38,31615.309999999998
2019,LA,4536611.7,101609.0,2134379.39,2040593.7,93785.69
2019,MA,11687480.3,193882.0,6936684.37,6472157.959999999,464526.41000000003
2019,MD,19252727.859,284721.0,7850139.27,7706358.42,143780.85
2019,ME,1797145.0,27175.0,1218823.12,1186846.96,31976.159999999996
2019,MI,8769422.574,130751.0,4220929.600000001,4216658.2,4271.4
2019,MN,7621424.94,137120.0,3772638.3299999996,3690363.01,82275.32
2019,MO,7105315.24,106143.0,8717814.59,8698732.9,19081.690000000002
2019,MS,1730089.0,39282.0,1056789.71,961091.6499999999,95698.06
2019,MT,2182379.7,33865.0,987090.6499999999,977175.3500000001,9915.3
2019,NC,17264055.91,243230.0,15556469.21,15460681.059999999,95788.15
2019,ND,371650.0,8262.0,146308.40999999997,146229.2,79.21
2019,NE,1061300.0,20259.0,1918497.94,1915470.8099999998,3027.13
2019,NH,1405202.3199999998,23892.0,1116138.1300000001,1115850.13,288.0
2019,NJ,18066359.556999996,279990.0,14083988.31,13831824.580000002,252163.72999999998
2019,NM,4467692.612,67588.0,1608392.4100000001,1601752.1400000001,6640.27
2019,NV,7921672.5,98866.0,3090173.5999999996,3076865.57,13308.03
2019,NY,34557894.1,546403.0,18061999.41,17996745.83,65253.58
2019,OH,25339399.3,426535.0,10252565.59,10177804.36,74761.23
2019,OK,4433211.0,61125.0,3787536.6,3751348.0600000005,36188.54
2019,OR,7513600.0,132076.0,2039852.98,2035650.71,4202.2699999999995
2019,PA,18129033.919999998,275267.0,9454689.39,9112116.55,342572.83999999997
2019,RI,1819099.0,34174.0,1210146.95,1209917.33,229.62
2019,SC,4338482.6,64190.0,1948197.03,1947960.5799999998,236.45
2019,SD,331615.6,5491.0,332182.06,321933.29000000004,10248.77
2019,TN,9829387.52,126125.0,2722416.77,2621273.1100000003,101143.66
2019,TX,1927481.4,25901.0,2524568.34,2463273.67,61294.670000000006
2019,UT,2917619.6500000004,45897.0,1411897.09,1396952.91,14944.18
2019,VA,7177089.260000001,147111.0,36854021.129999995,36804362.45,49658.68
2019,VT,1205707.0,17682.0,954723.72,954649.45,74.27000000000001
2019,WA,14227172.46,217434.0,4101295.86,4042809.85,58486.01
2019,WI,10400998.0,147428.0,6079012.55,5895668.340000001,183344.21000000002
2019,WV,2426340.25,40010.0,1004692.2400000001,1000398.4100000001,4293.83
2019,WY,427293.0,6742.0,403530.93000000005,402677.68000000005,853.25
2019,XX,404711330.95600003,6250575.0,261841636.57,258430691.02,3410945.55
2020,AK,1025765.0,17339.0,824316.57,821057.53,3259.04
2020,AL,2429680.55,45949.0,1634574.6400000001,1571877.1600000001,62697.48
2020,AR,1743901.8,31588.0,631861.74,631575.48,286.26
2020,AZ,19521213.18,260237.0,8755851.469999999,8691944.899999999,63906.57
2020,CA,23110213.5,355524.0,14061712.16,13706256.56,355455.6
2020,CO,10427615.93,171445.0,5043768.23,5029197.41,14570.82
2020,CT,7732362.7,131753.0,6879863.59,6799985.39,79878.20000000001
2020,DC,1125421.51,21157.0,434441.24,428284.91000000003,6156.33
2020,DE,2241798.7,39110.0,559925.1000000001,534816.8999999999,25108.199999999997
2020,FL,19399228.15,282006.0,9291803.05,9270984.94,20818.11
2020,GA,10998274.1,159172.0,4372479.7,4361854.5,10625.2
2020,HI,1882595.0,28176.0,624192.38,624192.38,0.0
2020,IA,1708762.3,30596.0,729770.15,651670.74,78099.40999999999
2020,ID,1951531.6,27742.0,1007705.7,994215.19,13490.51
2020,IL,3685843.85,57806.0,1965935.65,1913675.93,52259.72
2020,IN,8759562.936,119575.0,4732222.1,4714755.46,17466.64
2020,KS,1607857.4,28670.0,1637219.72,1551744.78,85474.94
2020,KY,6606807.2,100564.0,2251130.95,2211396.1100000003,39734.84
2020,LA,4437740.5,102287.0,2488173.6199999996,2487686.09,487.53000000000003
2020,MA,10966427.9,184231.0,6462454.78,6058336.16,404118.62
2020,MD,18519920.740000002,265981.0,7215997.4399999995,7094070.99,121926.44999999998
2020,ME,1833074.0,28659.0,1309885.0,1239478.7400000002,70406.26000000001
2020,MI,8166432.517,126885.0,3627707.4099999997,3621825.28,5882.13
2020,MN,7547515.18,138923.0,3818938.4800000004,3737345.31,81593.17
2020,MO,6057787.2,90275.0,5929452.33,5916404.26,13048.07
2020,MS,1424504.26,33354.0,805912.92,731796.8400000001,74116.08
2020,MT,2016875.2999999998,32194.0,937142.5700000001,934169.29,2973.2799999999997
2020,NC,16171261.78,222648.0,14139758.349999998,14070499.940000001,69258.41
2020,ND,354559.25,8500.0,186138.2,185967.53999999998,170.66
2020,NE,1018480.7,19484.0,1565419.96,1563965.02,1454.94
2020,NH,1342290.865,22649.0,1023938.49,1017507.59,6430.9
2020,NJ,16923001.97,259165.0,12853986.38,12753781.209999999,100205.17
2020,NM,3750344.316,56963.0,955597.01,945418.81,10178.2
2020,NV,8011609.5,97600.0,3585709.0,3570644.3200000003,15064.68
2020,NY,30377058.28,482069.0,13671504.510000002,13638586.48,32918.030000000006
2020,OH,23500289.12,404701.0,9541175.46,9494300.709999999,46874.75
2020,OK,4115805.4,56151.0,3016304.2399999998,2992653.21,23651.03
2020,OR,7446068.5,133544.0,1761133.5099999998,1758450.18,2683.33
2020,PA,15997310.582,237384.0,8542122.39,8397836.850000001,144285.53999999998
2020,RI,1695604.0,32414.0,885837.45,885785.54,51.910000000000004
2020,SC,3785019.2,55631.0,1663517.48,1660708.57,2808.9100000000003
2020,SD,276972.5,5131.0,269861.39,265122.1,4739.29
2020,TN,8329187.739999999,114460.0,2513373.3200000003,2366774.7199999997,146598.6
2020,TX,1825841.2,25427.0,2499887.83,2449989.7199999997,49898.11
2020,UT,3132683.26,51556.0,1279023.3599999999,1266476.83,12546.529999999999
2020,VA,7535710.109999999,159817.0,56648622.129999995,56599803.73,48818.4
2020,VT,1109131.0,15765.0,831680.55,830709.46,971.0899999999999
2020,WA,12732768.0,205664.0,3754852.91,3715561.02,39291.89
2020,WI,9279945.3,139978.0,5425266.94,5311548.75,113718.19
2020,WV,2038892.9500000002,34275.0,856267.01,851985.73,4281.28
2020,WY,353475.82,5725.0,373696.42,373626.47,69.95
2020,XX,373125895.387,5826561.0,256513761.46000004,253447888.36,3065873.1
2021,AK,1038635.0,17140.0,800182.76,796701.01,3481.75
2021,AL,2289184.01,45288.0,1550053.27,1506593.8599999999,43459.41
2021,AR,1417159.7,26053.0,482527.19,482255.54000000004,271.65
2021,AZ,18290497.96,252936.0,7845656.95,7771094.65,74562.29999999999
2021,CA,22037093.172,360820.0,13104158.53,12338722.6,765435.93
2021,CO,10150733.77,171336.0,4881222.15,4863594.069999999,17628.08
2021,CT,7269404.4,134650.0,6635982.83,6581645.43,54337.4
2021,DC,1159468.0,24666.0,308821.2,307591.55,1229.65
2021,DE,2545776.0,43594.0,1363106.5899999999,1351159.18,11947.41
2021,FL,19562363.17,291954.0,9461937.51,9424459.35,37478.16
2021,GA,10833998.9,156272.0,3851700.64,3841633.4699999997,10067.17
2021,HI,1668066.13,27030.0,354216.70999999996,354216.70999999996,0.0
2021,IA,2057811.2,39875.0,880431.04,724911.92,155519.12
2021,ID,2083419.0,31005.0,1024785.4,1007567.88,17217.52
2021,IL,4032240.2,67291.0,2340425.84,2068782.73,271643.11
2021,IN,9507441.38,132679.0,4079566.87,4074213.3999999994,5353.47
2021,KS,1578788.0,30130.0,1493539.12,1410764.33,82774.79000000001
2021,KY,6782229.300000001,101836.0,1896903.74,1845400.92,51502.82
2021,LA,4570896.9399999995,108923.0,2254533.4699999997,2254427.62,105.85
2021,MA,10905921.1,195227.0,5964450.279999999,5695926.05,268524.23
2021,MD,17338923.259999998,257770.0,6001295.48,5893834.85,107460.63
2021,ME,1927485.6,31535.0,1324435.12,1263322.54,61112.58
2021,MI,8542758.799,143216.0,2845487.5200000005,2836097.5,9390.02
2021,MN,7545376.0,143292.0,3485206.9,3399280.91,85925.98999999999
2021,MO,5712917.1,90532.0,4411312.3,4398626.4399999995,12685.86
2021,MS,1819870.2,41316.0,888835.8899999999,786241.04,102594.85
2021,MT,2042569.4540000001,33124.0,882947.2999999999,876211.6499999999,6735.65
2021,NC,18412898.78,268864.0,13607612.870000001,13528503.33,79109.54000000001
2021,ND,348056.5,8940.0,159177.03999999998,158947.43,229.61
2021,NE,1458441.0,29170.0,1728916.9300000002,1725398.72,3518.21
2021,NH,1313218.237,23833.0,757515.1499999999,757170.6199999999,344.53
2021,NJ,16357410.9,257188.0,10609420.809999999,10431290.030000001,178130.78
2021,NM,3362273.94,54172.0,858011.46,844895.76,13115.7
2021,NV,8117279.0,99875.0,3143390.17,3121424.3,21965.87
2021,NY,29320137.48,489949.0,11615339.01,11588728.89,26610.12
2021,OH,22190465.68,399330.0,8322797.37,8282815.890000001,39981.479999999996
2021,OK,4259845.0,60753.0,2795811.18,2763137.29,32673.89
2021,OR,6923725.4,130502.0,1605549.6400000001,1601405.19,4144.45
2021,PA,14521450.120000001,225483.0,8516186.11,8325667.76,190518.35
2021,RI,1659591.4,34844.0,832368.17,832327.53,40.64
2021,SC,3984862.5,54086.0,1610977.84,1608165.2000000002,2812.6400000000003
2021,SD,260581.05,5294.0,314132.63,307950.78,6181.85
2021,TN,6989433.5,100161.0,2159198.38,2030525.66,128672.72
2021,TX,1819604.4,28396.0,2047743.0899999999,1977158.57,70584.52
2021,UT,2876549.25,52123.0,1023931.7999999999,1014176.9199999999,9754.88
2021,VA,7191602.609999999,165568.0,69390700.4,69338678.83,52021.56999999999
2021,VT,1138167.0,16535.0,849514.4400000001,849116.27,398.16999999999996
2021,WA,12006489.75,205964.0,3092011.1999999997,3058589.4499999997,33421.75
2021,WI,9254126.95,148422.0,5276375.02,5112027.54,164347.47999999998
2021,WV,1912142.46,33841.0,986782.58,973974.1799999999,12808.400000000001
2021,WY,351875.08,5729.0,371936.92,368626.64,3310.2799999999997
2021,XX,365348611.991,5960730.0,252467961.76,248807283.01,3660678.75
2022,AK,953280.3,15646.0,636080.44,635239.11,841.3299999999999
2022,AL,2018054.0,40849.0,1322357.76,1275817.4699999997,46540.29
2022,AR,1387579.1,26157.0,519744.69,519283.18999999994,461.5
2022,AZ,17146690.0,240356.0,6588508.949999999,6417266.510000001,171242.44
2022,CA,20423350.8,351036.0,13521979.899999999,12991369.14,530610.76
2022,CO,9545172.86,164417.0,4591717.699999999,4565360.41,26357.289999999997
2022,CT,6799370.7,129034.0,6416862.87,6379047.18,37815.69
2022,DC,1051778.9,22524.0,215337.6,213183.19,2154.41
2022,DE,2395612.6,39544.0,1459495.7399999998,1448597.3,10898.439999999999
2022,FL,17552060.619999997,269265.0,9870159.8,9835115.450000001,35044.350000000006
2022,GA,10089219.8,146783.0,3559945.6399999997,3551948.2299999995,7997.41
2022,HI,1526779.0,25564.0,245333.89999999997,245304.53999999998,29.360000000000003
2022,IA,2001826.4,42238.0,1119108.42,746401.5800000001,372706.83999999997
2022,ID,2224308.0,33772.0,904283.72,899488.5599999999,4795.16
2022,IL,4456988.35,75772.0,2712356.08,2333873.16,378482.92000000004
2022,IN,9933660.67,140424.0,4055141.0300000003,4025535.4800000004,29605.55
2022,KS,1517853.5,29629.0,1152900.57,1144393.93,8506.64
2022,KY,5962211.56,93816.0,1263812.56,1216387.3599999999,47425.2
2022,LA,4569202.0,108287.0,2085951.06,2085914.57,36.489999999999995
2022,MA,9907609.48,186943.0,5455267.569999999,5202667.01,252600.55999999997
2022,MD,16302040.035,239524.0,4779959.959999999,4681394.32,98565.64
2022,ME,1787651.48,30463.0,1225757.6300000001,1180827.24,44930.39
2022,MI,8393011.82,148314.0,2929263.0700000003,2912558.42,16704.65
2022,MN,7073644.72,136356.0,3334284.45,3263239.6,71044.85
2022,MO,5622770.245,94562.0,3784753.16,3772492.37,12260.79
2022,MS,2046897.7,44808.0,960158.3200000001,848566.26,111592.06
2022,MT,2058513.1,33408.0,900189.64,896954.95,3234.6899999999996
2022,NC,14490137.440000001,212267.0,11304124.24,11234230.49,69893.75
2022,ND,337084.29000000004,9046.0,144136.03999999998,144008.51,127.53
2022,NE,1749634.0,34411.0,1907620.05,1907005.19,614.86
2022,NH,1274999.4109999998,23661.0,522309.09,515106.48000000004,7202.61
2022,NJ,15297669.48,244494.0,9847846.280000001,9311859.98,535986.3
2022,NM,3458212.0,59459.0,783253.76,773637.19,9616.57
2022,NV,6297827.0,64680.0,1910896.47,1770148.73,140747.74000000002
2022,NY,26812709.36,459768.0,9775233.66,9734657.63,40576.03
2022,OH,21111389.9,386403.0,8801720.61,8752745.38,48975.229999999996
2022,OK,5213044.1,77633.0,2936013.7199999997,2896850.8600000003,39162.86
2022,OR,6637268.1,126820.0,1454496.42,1432751.1600000001,21745.26
2022,PA,13723812.389999999,218779.0,8966780.149999999,8735551.629999999,231228.52
2022,RI,1624053.7,35369.0,913853.2,913830.35,22.849999999999998
2022,SC,3878942.84,52916.0,1394157.81,1388223.46,5934.35
2022,SD,259983.0,5441.0,392489.36,383353.97,9135.39
2022,TN,5750816.52,86589.0,1916482.7000000002,1808603.1500000001,107879.55
2022,TX,1865388.3,31613.0,2184922.12,2097186.96,87735.16
2022,UT,2580347.5,47918.0,729882.99,718171.8900000001,11711.1
2022,VA,7205054.460000001,174362.0,88885215.82,88816460.65,68755.17000000001
2022,VT,1072388.0,15644.0,815630.8300000001,815376.2100000001,254.62
2022,WA,11108367.120000001,194175.0,2641412.5200000005,2601529.96,39882.560000000005
2022,WI,8383965.15,138439.0,4864175.369999999,4722736.32,141439.05
2022,WV,1704380.5,32685.0,1049807.96,1019602.9099999999,30205.05
2022,WY,343921.75,5745.0,326612.29,326612.29,0.0
2022,XX,341789117.117,5704163.0,259742680.57,255266731.32999998,4475949.24
2023,AK,700051.0,12018.0,526142.46,526040.01,102.44999999999999
2023,AL,1970470.6500000001,41677.0,1266647.25,1217588.58,49058.67
2023,AR,1355317.3,25356.0,503042.88,502268.89999999997,773.98
2023,AZ,15360281.069999998,226344.0,5270373.98,5160346.7700000005,110027.21
2023,CA,21800011.549999997,399735.0,17257903.830000002,16068924.33,1188979.5
2023,CO,8900692.89,155041.0,4514491.62,4473202.43,41289.19
2023,CT,6436440.800000001,124415.0,6112820.75,6058086.07,54734.68
2023,DC,1041808.0,22863.0,178575.32,176435.55,2139.77
2023,DE,2574330.0,41185.0,1824826.1600000001,1801698.3199999998,23127.84
2023,FL,15156317.476,249871.0,8007496.46,7973309.98,34186.479999999996
2023,GA,9168287.65,138073.0,3149076.79,3137950.8,11125.99
2023,HI,1495252.0,26308.0,224057.76,223791.97999999998,265.78000000000003
2023,IA,1820451.2,38974.0,1137624.5899999999,633552.29,504072.30000000005
2023,ID,2327868.25,35741.0,894821.2799999999,892109.7499999999,2711.5299999999997
2023,IL,4522809.25,81833.0,2419262.7800000003,2309030.58,110232.20000000001
2023,IN,9847749.45,153784.0,4542780.26,4524776.9799999995,18003.28
2023,KS,1549795.0,29805.0,1212177.21,1207605.5,4571.71
2023,KY,4960860.4,88709.0,1434235.38,1150443.86,283791.52
2023,LA,4165514.7,97913.0,2325899.37,2303737.5600000005,22161.81
2023,MA,9322025.9,183402.0,4737810.28,4651207.24,86603.04000000001
2023,MD,16300463.88,246208.0,4382637.73,4279669.5600000005,102968.17
2023,ME,1724335.7999999998,30418.0,1254487.35,1197542.7000000002,56944.65
2023,MI,8603475.39,159519.0,2871427.23,2838204.3899999997,33222.84
2023,MN,6889137.369999999,133598.0,3149227.38,3075872.0700000003,73355.31
2023,MO,6133848.34,107498.0,3561364.83,3547178.37,14186.46
2023,MS,2080309.7999999998,42307.0,1206668.03,1166867.4,39800.630000000005
2023,MT,1857991.3,31812.0,910808.2,909001.1799999999,1807.02
2023,NC,14881081.669999998,226902.0,14682925.649999999,14583543.899999999,99381.75
2023,ND,340137.98,9484.0,143082.72,142964.22999999998,118.49
2023,NE,1397243.6,28494.0,1482718.71,1482408.56,310.15000000000003
2023,NH,1056094.03,20230.0,436355.67999999993,436287.5299999999,68.14999999999999
2023,NJ,14069030.01,228588.0,8891350.91,8227445.790000001,663905.12
2023,NM,3172511.2,54374.0,906958.85,899239.13,7719.72
2023,NV,5527682.6,58111.0,2615382.17,2521663.84,93718.32999999999
2023,NY,24795933.75,421866.0,13295459.690000001,13168848.129999999,126611.56
2023,OH,20961509.616,402965.0,9129139.260000002,9082656.31,46482.95
2023,OK,5620335.9,85198.0,2966581.05,2917718.75,48862.3
2023,OR,6787383.5,132186.0,1413885.76,1375389.19,38496.57
2023,PA,13454946.64,230426.0,9379128.98,9073652.94,305476.04000000004
2023,PR,772183.0,17915.0,155698.87,155620.75,78.11999999999999
2023,RI,1585489.0,36639.0,979663.95,979649.54,14.41
2023,SC,3820901.8,58850.0,1438310.6800000002,1418368.64,19942.04
2023,SD,266809.25,5784.0,254662.09,248259.89,6402.2
2023,TN,5013584.0600000005,82435.0,1794675.54,1699553.0099999998,95122.53
2023,TX,1835459.0,32797.0,2092769.3900000001,1993554.8800000001,99214.51000000001
2023,UT,1345212.9100000001,24992.0,456224.18,455097.19999999995,1126.98
2023,VA,7064228.172,171081.0,59905610.1,59839943.07000001,65667.03
2023,VT,953865.0,14177.0,726850.01,725793.12,1056.8899999999999
2023,WA,10321907.649999999,188851.0,2350243.21,2326018.39,24224.82
2023,WI,7419856.35,130066.0,4341990.0,4204681.41,137308.59
2023,WV,1634625.751,32363.0,980391.71,966882.06,13509.65
2023,WY,312958.5,5270.0,290231.6,290223.49,8.11
2023,XX,326859845.583,5678368.0,235704031.36,230460169.86999997,5243861.49
