Year,Prscrbr_Geo_Cd,Prscrbr_Geo_Desc,Tot_Prscrbrs,Tot_Clms,Tot_30day_Fills,Tot_Drug_Cst,Tot_Benes,GE65_Tot_Clms,GE65_Tot_30day_Fills,GE65_Tot_Drug_Cst,GE65_Tot_Benes,LIS_Bene_Cst_Shr,NonLIS_Bene_Cst_Shr
2013,01,Alabama,16436.0,284643.0,287030.80000000005,29306477.790000003,79895.0,114467.0,115693.6,9506772.38,40530.0,455610.38999999996,2566662.0599999996
2013,02,Alaska,3110.0,25910.0,26225.600000000002,2347888.6599999997,6882.0,10736.0,10912.3,748847.25,3452.0,24957.71,139239.72
2013,04,Arizona,37236.0,538706.0,547017.0,41759876.11,154746.0,279859.0,285716.5,16715893.77,99645.0,530838.02,5094165.259999999
2013,05,Arkansas,9435.0,163332.0,164538.2,14313753.32,45079.0,62973.0,63623.9,4117699.44,22117.0,245167.89,1296443.83
2013,06,California,102449.0,896184.0,915747.4000000003,123103529.60999998,256916.0,494339.0,507672.80000000005,49045366.01,167595.0,787254.5399999999,8690725.45
2013,08,Colorado,28355.0,342495.0,347365.3,26226334.029999997,88319.0,179844.0,182821.7,9713418.830000002,55466.0,357069.26999999996,2824093.0299999993
2013,09,Connecticut,21407.0,260774.0,263999.7,26886062.749999996,72433.0,135782.0,138074.3,9405398.01,46071.0,320483.44000000006,1628521.2
2013,10,Delaware,5369.0,95018.0,95423.5,8368875.67,24017.0,42987.0,43263.1,2795996.21,14005.0,121870.03000000001,702267.1099999999
2013,11,District of Columbia,5011.0,34092.0,34462.5,2182649.65,13298.0,14889.0,15087.7,729502.8500000001,6860.0,37689.55,131384.01
2013,12,Florida,76155.0,1253304.0,1268261.6,97241883.34,380506.0,652793.0,662495.8,34698510.96000001,245985.0,1444636.67,10432893.639999999
2013,13,Georgia,32324.0,508803.0,512312.0,37327798.48,149042.0,235964.0,238037.3,13912005.530000001,84110.0,687703.4999999999,4069773.5900000003
2013,15,Hawaii,4598.0,45547.0,46098.8,3853799.79,14478.0,25415.0,25775.4,1612558.98,9653.0,35732.149999999994,345780.58999999997
2013,16,Idaho,6080.0,65752.0,66796.9,6287309.38,17603.0,30751.0,31407.300000000003,2310862.29,10035.0,76702.36,603435.29
2013,17,Illinois,21092.0,164220.0,165132.6,22163753.6,46017.0,70252.0,70718.90000000001,6752744.93,24008.0,195035.94999999998,1726459.97
2013,18,Indiana,24717.0,338234.0,343199.30000000005,35647017.78000001,81322.0,140360.0,143440.4,10479442.84,42408.0,495665.82,3146488.5900000003
2013,19,Iowa,10754.0,104339.0,105489.9,8978976.020000001,29254.0,57992.0,58739.3,3521182.87,18707.0,91236.43,834654.39
2013,20,Kansas,13660.0,160399.0,161952.19999999998,16544188.499999998,40591.0,72337.0,73174.7,4885495.300000001,22877.0,173275.84000000003,1362449.2
2013,21,Kentucky,16865.0,324157.0,326381.10000000003,25795208.27,81412.0,140246.0,141692.00000000003,9233767.9,41414.0,499703.69,2703132.03
2013,22,Louisiana,15670.0,221978.0,223277.30000000002,17741776.37,65676.0,96112.0,96755.9,5648725.32,35834.0,301269.19999999995,1936943.6199999999
2013,23,Maine,7933.0,130365.0,131883.4,11672692.55,28683.0,51204.0,52103.9,3742910.1599999997,15129.0,105195.99,609651.8300000001
2013,24,Maryland,30089.0,374051.0,379582.80000000005,26310901.61,100498.0,172114.0,175830.09999999998,9640888.97,57817.0,460809.5,2535410.0200000005
2013,25,Massachusetts,47042.0,568451.0,569246.2000000001,38459159.63999999,153686.0,257051.0,257523.8,12722410.53,86081.0,611709.8099999998,2419777.0300000003
2013,26,Michigan,33530.0,362308.0,368588.49999999994,48070605.690000005,93029.0,149888.0,153403.80000000002,14452023.81,48299.0,430633.82000000007,3129495.12
2013,27,Minnesota,28146.0,309562.0,313173.60000000003,22123903.83,85757.0,171859.0,174418.90000000002,9769537.389999999,56634.0,242553.23,2352434.8399999994
2013,28,Mississippi,9510.0,128507.0,129394.19999999998,9773649.010000002,39279.0,53236.0,53738.899999999994,3296627.7,19531.0,176388.25,1000762.7200000001
2013,29,Missouri,26322.0,400782.0,402693.2,42089390.0,102143.0,165769.0,166912.9,12086788.360000001,52872.0,415288.77,3137257.78
2013,30,Montana,5038.0,53866.0,54749.8,4879593.01,13806.0,27457.0,28057.6,1778698.67,8497.0,68182.86,428314.58999999997
2013,31,Nebraska,7828.0,70656.0,71457.6,6339413.869999999,20160.0,36021.0,36533.5,2225330.19,12050.0,66041.64,591228.76
2013,32,Nevada,11598.0,178518.0,180319.9,13252638.18,47403.0,89525.0,90687.6,5196263.539999999,28590.0,219808.56999999998,1574482.37
2013,33,New Hampshire,8509.0,117584.0,117798.30000000002,9725149.68,28199.0,46080.0,46179.100000000006,3040051.9200000004,14827.0,169042.52000000002,794379.17
2013,34,New Jersey,43113.0,637816.0,638577.6,62210203.82999999,178847.0,333238.0,333654.5,22403973.16,116254.0,566896.64,4693421.579999999
2013,35,New Mexico,9742.0,136927.0,138856.19999999998,10790152.370000001,35862.0,65462.0,66624.7,4101698.87,21248.0,182370.34999999998,851960.47
2013,36,New York,93137.0,907869.0,913844.7,78241546.10999998,297550.0,503187.0,506878.0,29533847.81,195798.0,865459.49,5996023.380000001
2013,37,North Carolina,53693.0,955664.0,964296.4,70606749.98,246082.0,434104.0,439149.7,24992686.75,136704.0,1143235.32,6589943.51
2013,38,North Dakota,3274.0,30114.0,30417.3,1963343.44,9325.0,18062.0,18268.8,858479.53,6407.0,27890.410000000003,251353.55
2013,39,Ohio,61380.0,996236.0,1009438.5999999999,66407199.1,256892.0,512121.0,521583.6000000001,26328814.830000002,156936.0,994021.43,6650945.670000001
2013,40,Oklahoma,13513.0,201381.0,203559.89999999997,25463236.72,52292.0,88371.0,89593.0,8394884.42,28452.0,259689.79,2106809.84
2013,41,Oregon,22607.0,332337.0,338428.0,22850309.089999996,83500.0,191288.0,195624.6,10159588.82,55808.0,317098.13,2724135.53
2013,42,Pennsylvania,76402.0,1135244.0,1148086.0000000002,95579851.78,306788.0,561554.0,569628.6000000001,33829954.93,185548.0,1110578.1600000001,8146317.9799999995
2013,44,Rhode Island,6888.0,77080.0,77159.9,7824348.779999999,21224.0,36270.0,36323.5,2544501.56,11856.0,93435.70999999999,622918.49
2013,45,South Carolina,18637.0,304982.0,305515.6,25631030.91,90549.0,133129.0,133362.9,8467115.729999999,48528.0,415340.35000000003,2396026.4099999997
2013,46,South Dakota,3265.0,29220.0,29546.5,2999607.33,8140.0,16104.0,16315.400000000001,1143205.56,5259.0,33249.490000000005,297592.68
2013,47,Tennessee,35833.0,687156.0,690376.3999999999,59023726.31000001,167948.0,277499.0,279396.9,18117354.36,84531.0,1049775.6199999999,4956236.66
2013,48,Texas,18274.0,216148.0,219374.9,40485640.300000004,56118.0,91121.0,92827.6,13421530.180000002,28420.0,329756.39,3205693.9799999995
2013,49,Utah,11694.0,134220.0,134428.4,10778571.049999999,36024.0,67508.0,67618.5,4025562.5900000003,22406.0,132498.43,1420311.13
2013,50,Vermont,3446.0,42591.0,42902.3,3637577.39,9943.0,17213.0,17416.2,1059479.67,5199.0,45276.78999999999,197469.11
2013,51,Virginia,34483.0,428450.0,433638.00000000006,30320486.14,122554.0,200891.0,204242.8,10419101.94,70918.0,497123.3900000001,3423812.4099999997
2013,53,Washington,35289.0,444394.0,451297.49999999994,28154596.860000003,116273.0,241785.0,246574.6,11786120.05,74505.0,407038.5,3691249.7300000004
2013,54,West Virginia,8566.0,159231.0,160458.1,10412208.099999998,38343.0,70205.0,70936.8,3657766.85,19906.0,189764.23,1106672.1
2013,55,Wisconsin,28287.0,380553.0,383876.3,36313231.16,87900.0,174178.0,176223.2,11147113.01,49908.0,371183.99000000005,2877772.5400000005
2013,56,Wyoming,2422.0,22050.0,22468.100000000002,1826092.79,6466.0,11685.0,11993.6,715302.7100000001,3990.0,20232.05,228631.58000000002
2013,60,American Samoa,1.0,14.0,15.0,270.78,0.0,0.0,0.0,0.0,0.0,4.95,115.1
2013,66,Guam,93.0,465.0,465.70000000000005,17892.58,188.0,248.0,248.4,5216.389999999999,123.0,721.55,5250.46
2013,69,Northern Mariana Islands,23.0,144.0,145.0,1948.26,52.0,43.0,43.0,460.77,20.0,312.78999999999996,1327.22
2013,72,Puerto Rico,7905.0,94206.0,94482.1,2075264.8199999998,33650.0,37490.0,37574.4,647073.7999999999,17799.0,9052.0,175643.06
2013,78,Virgin Islands,130.0,741.0,742.6,42798.369999999995,369.0,489.0,490.3,18282.71,232.0,346.71999999999997,11478.369999999999
2013,9B,Armed Forces Europe,56.0,379.0,380.0,13426.68,234.0,217.0,218.0,5245.97,147.0,204.73,3176.2599999999998
2013,9C,Armed Forces Pacific,19.0,79.0,79.0,987.88,70.0,24.0,24.0,185.48,23.0,62.400000000000006,347.29
2013,9E,Foreign Country,117.0,485.0,488.9,11926.71,349.0,200.0,200.2,5276.49,152.0,525.02,1501.49
2014,01,Alabama,13408.0,331602.0,334114.4,38030409.44,83547.0,135956.0,137230.3,13310115.78,43439.0,481280.93999999994,3192236.2099999995
2014,02,Alaska,2832.0,29583.0,29992.300000000003,3147074.27,7293.0,12517.0,12745.999999999998,984666.39,3750.0,23918.679999999997,167447.72999999998
2014,04,Arizona,30474.0,587094.0,594977.7,51313158.26,155543.0,315063.0,320720.7,22601636.75,103306.0,492760.99,6104318.49
2014,05,Arkansas,7627.0,176148.0,177408.90000000002,17013888.009999998,45562.0,70975.0,71654.9,5486203.5,23452.0,239066.28,1641317.88
2014,06,California,84191.0,976043.0,992954.7999999999,146264348.6,259289.0,553896.0,565465.2999999999,63727053.47,173352.0,776554.8700000001,9797778.459999999
2014,08,Colorado,25132.0,371686.0,376595.10000000003,31734787.930000003,96210.0,201969.0,205226.40000000002,13262365.769999998,62846.0,309668.36000000004,3275776.8200000003
2014,09,Connecticut,19388.0,272352.0,275485.89999999997,30552208.720000003,73832.0,143293.0,145525.5,11319859.23,47782.0,255539.18000000002,1700447.6800000002
2014,10,Delaware,4583.0,95008.0,95370.7,9348900.53,23231.0,44106.0,44360.4,3232820.91,14178.0,113578.69,764000.31
2014,11,District of Columbia,5026.0,36411.0,36878.4,2634031.14,14248.0,17392.0,17643.600000000002,1082874.38,7815.0,28933.3,136305.90000000002
2014,12,Florida,58264.0,1362685.0,1377722.0999999999,126932712.96000001,382950.0,722753.0,732273.0,49892678.78,254161.0,1418090.68,13371553.280000003
2014,13,Georgia,25419.0,559282.0,562993.1,48912019.67,150249.0,265364.0,267598.00000000006,19554647.119999997,88135.0,680012.5000000001,5287351.350000001
2014,15,Hawaii,3756.0,45299.0,45851.0,4331476.100000001,14275.0,26914.0,27271.5,2065631.1,10106.0,27929.08,339082.48999999993
2014,16,Idaho,5196.0,70726.0,71756.4,7733667.12,18158.0,33271.0,33935.4,2954344.9000000004,10568.0,74060.03,746943.66
2014,17,Illinois,19256.0,181462.0,182157.80000000002,26295154.97,49770.0,81554.0,81943.3,8826600.58,27204.0,183739.08000000002,2110901.81
2014,18,Indiana,18932.0,354233.0,357950.99999999994,41176386.39999999,77882.0,148547.0,150922.4,12972979.040000001,41274.0,518398.94,3655183.96
2014,19,Iowa,9369.0,106147.0,107308.7,10449631.850000001,29160.0,60027.0,60800.4,4295582.61,18993.0,76485.40000000001,960059.3700000001
2014,20,Kansas,11092.0,170399.0,172060.4,19630535.02,41089.0,77661.0,78609.90000000001,6344749.9799999995,23442.0,169195.7,1757821.7900000003
2014,21,Kentucky,13227.0,339616.0,341518.60000000003,32855863.37,79991.0,152840.0,154027.7,12752773.51,41958.0,472927.63999999996,3366328.12
2014,22,Louisiana,12356.0,252055.0,253361.0,24968162.03,66797.0,110501.0,111222.5,8627443.96,37113.0,292537.64,2551601.6100000003
2014,23,Maine,7206.0,131577.0,133116.40000000002,12540860.889999999,29017.0,54644.0,55598.7,4211899.15,15846.0,101680.52,690247.74
2014,24,Maryland,27014.0,413496.0,419341.3,34293049.84,106991.0,197576.0,201562.6,13531227.9,64203.0,432676.02999999997,3152897.84
2014,25,Massachusetts,41706.0,590226.0,590928.9,44751645.74,155401.0,275126.0,275532.3,15838258.139999999,89925.0,487604.36,2645784.04
2014,26,Michigan,29339.0,400473.0,407314.79999999993,57162590.28999999,97544.0,168871.0,172673.4,18556937.709999997,51550.0,455121.10000000003,3736556.5199999996
2014,27,Minnesota,25600.0,330924.0,335003.3,27007989.15,89989.0,183906.0,186806.9,11807498.48,60500.0,205332.74,2618809.83
2014,28,Mississippi,7491.0,148507.0,149488.60000000003,13568122.480000002,39650.0,61432.0,61963.5,4792884.5600000005,20068.0,184729.49,1413519.72
2014,29,Missouri,21451.0,434631.0,436428.39999999997,52645450.230000004,104798.0,184406.0,185485.3,16411512.41,56430.0,430728.16,4097066.75
2014,30,Montana,4417.0,55501.0,56354.3,5453634.760000001,13950.0,29049.0,29658.799999999996,2070389.05,8859.0,54243.07,495645.16
2014,31,Nebraska,6848.0,74347.0,75190.40000000001,7566972.799999999,20522.0,38186.0,38676.700000000004,2678887.28,12520.0,56806.049999999996,689245.78
2014,32,Nevada,9085.0,182195.0,183936.4,16586509.299999999,45991.0,95206.0,96391.2,7092176.380000001,28555.0,234809.66,2179043.67
2014,33,New Hampshire,7616.0,123515.0,123677.00000000001,10784256.14,29132.0,50335.0,50412.0,3472089.07,16211.0,136406.97,923826.23
2014,34,New Jersey,36655.0,661279.0,661879.1,74238773.64000002,176672.0,347597.0,347909.4,28346212.560000002,117301.0,470849.58999999997,5405583.18
2014,35,New Mexico,7834.0,144432.0,146265.40000000002,12635910.219999999,35453.0,70268.0,71460.5,5006543.17,21271.0,165182.81,940766.25
2014,36,New York,81036.0,977745.0,984032.7999999999,97360366.72000001,307359.0,548216.0,552111.3,39126118.54999999,207274.0,753465.51,7161349.09
2014,37,North Carolina,44515.0,1030138.0,1038945.9,90736659.08999999,243581.0,477419.0,482766.89999999997,34375335.27,140312.0,1122235.6,7991595.04
2014,38,North Dakota,2916.0,31508.0,31891.0,2314042.2199999997,9523.0,18375.0,18660.7,1027208.7599999999,6447.0,23714.36,285065.03
2014,39,Ohio,50587.0,1031727.0,1043812.3,78846384.02000001,252824.0,541269.0,549812.5,32880336.279999997,158901.0,862689.59,7383963.720000001
2014,40,Oklahoma,10613.0,225800.0,228039.6,31835021.69,53488.0,100508.0,101771.4,11433105.12,29523.0,270172.17,2611010.6
2014,41,Oregon,20775.0,353542.0,359357.69999999995,27428448.879999995,87069.0,207923.0,212175.50000000003,13154559.22,59279.0,280909.86000000004,3085455.58
2014,42,Pennsylvania,66925.0,1198366.0,1211026.9,114362461.27,310802.0,598499.0,606495.9,42517192.51,192538.0,997667.53,9312460.129999997
2014,44,Rhode Island,5832.0,77097.0,77183.59999999999,7915219.159999999,21355.0,37538.0,37581.6,2768235.9299999997,12386.0,85989.68,570951.71
2014,45,South Carolina,15749.0,353290.0,353706.8,33940909.84,98506.0,162993.0,163200.09999999998,12686772.3,56320.0,379748.76999999996,3304158.72
2014,46,South Dakota,3055.0,30238.0,30593.1,3320168.13,8525.0,16154.0,16393.5,1243569.5,5453.0,30430.320000000003,326787.43
2014,47,Tennessee,28017.0,746912.0,747610.8,70617605.97999999,168711.0,309120.0,309448.69999999995,24003654.860000003,87437.0,1017707.96,6156129.3
2014,48,Texas,17058.0,241545.0,244842.9,45001061.489999995,61091.0,104469.0,106259.4,16085185.26,31749.0,349471.36,3813808.21
2014,49,Utah,9395.0,147423.0,147632.6,14302277.4,36644.0,75727.0,75831.0,5765515.120000001,23344.0,126638.64,1792375.58
2014,50,Vermont,3104.0,46511.0,46842.3,4446777.66,10435.0,19294.0,19524.8,1349733.81,5864.0,34861.52,255278.39
2014,51,Virginia,29344.0,461856.0,467289.3000000001,36964304.32000001,125925.0,223601.0,227070.09999999998,13798964.229999999,75958.0,456172.4300000001,4114663.6900000004
2014,53,Washington,33016.0,479993.0,487143.8,34524712.68,122364.0,264173.0,269191.9,15180071.0,79396.0,371854.15,4455371.47
2014,54,West Virginia,6546.0,163087.0,164180.10000000003,13878173.99,37357.0,75584.0,76261.20000000001,5414809.09,20143.0,196074.28999999998,1412201.3599999999
2014,55,Wisconsin,24367.0,402866.0,406529.8,41519358.349999994,89521.0,187242.0,189573.90000000002,13528712.34,52320.0,309327.67,3375998.33
2014,56,Wyoming,2036.0,25579.0,26029.3,2547294.75,6880.0,13251.0,13575.2,1063350.58,4186.0,26692.01,291131.57
2014,66,Guam,99.0,445.0,445.5,22463.67,196.0,250.0,250.0,8217.45,131.0,1032.05,6407.389999999999
2014,69,Northern Mariana Islands,13.0,73.0,74.0,3329.95,31.0,51.0,52.0,2434.08,20.0,156.52,1901.99
2014,72,Puerto Rico,7032.0,94662.0,94918.2,2469403.76,32620.0,37053.0,37139.5,828359.3899999999,17224.0,9042.33,169791.28999999998
2014,78,Virgin Islands,126.0,828.0,832.4,56938.3,447.0,609.0,613.2,31840.24,306.0,144.03,12522.15
2014,9A,Armed Forces Central/South America,7.0,46.0,46.0,444.45,46.0,26.0,26.0,223.68,26.0,8.75,67.93
2014,9B,Armed Forces Europe,49.0,477.0,477.3,19814.010000000002,304.0,243.0,243.0,5724.45,180.0,246.78,2177.56
2014,9C,Armed Forces Pacific,30.0,136.0,136.2,2041.78,124.0,69.0,69.0,1047.12,64.0,32.400000000000006,293.46
2014,9E,Foreign Country,111.0,945.0,949.1,54994.2,534.0,375.0,379.1,21270.84,231.0,867.26,2775.25
2015,01,Alabama,13072.0,377380.0,379555.5,39392233.11,90097.0,161661.0,162891.1,14646549.969999999,48263.0,525328.44,3653630.56
2015,02,Alaska,2895.0,30344.0,30772.100000000002,3042618.4499999997,7603.0,13852.0,14123.0,1057408.59,4164.0,33383.96000000001,175704.94999999998
2015,04,Arizona,29578.0,627146.0,634433.6,50944895.43,165709.0,348622.0,353887.4,23874258.52,113189.0,514425.61,6606810.0600000005
2015,05,Arkansas,7527.0,196620.0,197816.2,16898149.63,49824.0,82041.0,82689.79999999999,5774832.49,26618.0,267039.06999999995,1901562.4800000002
2015,06,California,85043.0,1089963.0,1102360.7,150335757.73999998,284543.0,636188.0,644749.7,69846778.07000001,195135.0,838296.31,11544479.120000001
2015,08,Colorado,25467.0,405712.0,410281.9,33281462.209999997,105060.0,226396.0,229491.0,14909452.159999998,70369.0,336061.2,3712569.2399999998
2015,09,Connecticut,19249.0,286494.0,289389.5,30978373.76,78972.0,156117.0,158141.4,12672463.06,52958.0,269382.51999999996,1882124.0599999998
2015,10,Delaware,4574.0,99397.0,99802.9,9327027.090000002,25376.0,49100.0,49393.3,3658513.39,15993.0,110709.88,867513.1100000001
2015,11,District of Columbia,5081.0,37428.0,37808.00000000001,2737491.18,15046.0,18461.0,18676.100000000002,1208169.4200000002,8429.0,30259.020000000004,133333.19
2015,12,Florida,55169.0,1537665.0,1551450.5000000002,131504797.03,419700.0,834276.0,843128.2999999999,55068848.32000001,282873.0,1675787.74,15884608.76
2015,13,Georgia,24541.0,639443.0,642834.4,51868453.669999994,165027.0,312613.0,314711.6,21941109.17,99930.0,779918.4299999999,6126317.980000001
2015,15,Hawaii,3790.0,46814.0,47229.6,4136244.1000000006,14730.0,29167.0,29425.4,2120636.66,10828.0,31135.989999999998,337456.81
2015,16,Idaho,5539.0,81044.0,81973.0,8098306.02,20700.0,39360.0,39924.0,3177380.78,12470.0,76188.29,808806.3400000001
2015,17,Illinois,20356.0,206983.0,207337.90000000002,28076475.439999998,56333.0,94884.0,95056.4,10009813.350000001,31800.0,197285.01,2449195.5300000003
2015,18,Indiana,18747.0,379831.0,382880.79999999993,40118730.43,83162.0,167651.0,169580.40000000002,13521917.75,45915.0,447540.52,3978189.46
2015,19,Iowa,9809.0,113483.0,114560.5,10394023.729999999,32084.0,64605.0,65401.299999999996,4326314.779999999,21314.0,87594.48000000001,1094853.39
2015,20,Kansas,11104.0,184782.0,186303.8,19439848.5,44422.0,87364.0,88290.7,6719786.28,26296.0,186793.03,2068124.3400000003
2015,21,Kentucky,12927.0,370249.0,372117.19999999995,33243784.849999998,85746.0,174449.0,175634.0,13752022.250000002,46920.0,493793.30999999994,3893060.75
2015,22,Louisiana,12313.0,291223.0,292376.69999999995,25199498.65,72928.0,132208.0,132826.0,9264870.32,41945.0,342031.02999999997,3104576.08
2015,23,Maine,7274.0,132182.0,133529.1,12585546.92,30027.0,57163.0,58031.2,4427930.529999999,17153.0,103882.44,756099.2
2015,24,Maryland,26782.0,451895.0,457171.5,36944214.54,115339.0,222111.0,225835.59999999998,15212329.280000001,71218.0,465204.8,3631013.34
2015,25,Massachusetts,41353.0,606224.0,606821.7,44080454.620000005,160454.0,292407.0,292785.1,16773981.99,95180.0,467479.07999999996,2756047.65
2015,26,Michigan,29874.0,448831.0,454661.4,58272005.440000005,107157.0,196426.0,199832.19999999998,20463701.9,59184.0,463867.06999999995,4228986.889999999
2015,27,Minnesota,25575.0,350118.0,353914.5,28155933.509999998,97514.0,196881.0,199462.4,12329670.139999999,66716.0,227076.19000000003,2918972.34
2015,28,Mississippi,7515.0,174345.0,175331.2,14803797.339999998,42936.0,73645.0,74139.2,5401218.99,22145.0,214057.78,1668941.08
2015,29,Missouri,21346.0,471885.0,473600.60000000003,53641118.56999999,113043.0,207683.0,208758.49999999997,17816485.68,62782.0,455125.03,4862081.449999999
2015,30,Montana,4362.0,61373.0,62096.399999999994,5507143.250000001,15242.0,32931.0,33455.1,2273728.31,9930.0,71697.06,508182.75000000006
2015,31,Nebraska,6863.0,78520.0,79320.6,7495317.73,22101.0,40689.0,41192.6,2704393.5999999996,13755.0,67692.08,747227.5599999998
2015,32,Nevada,8590.0,199466.0,201102.90000000002,16309959.920000002,48668.0,108035.0,109132.0,7538806.8,31445.0,242914.44,2412637.6
2015,33,New Hampshire,7626.0,126734.0,126878.1,11115745.909999998,31340.0,54963.0,55038.399999999994,3843728.67,18241.0,142953.16,1041904.2
2015,34,New Jersey,37154.0,697027.0,697568.6,78476445.81,187043.0,370781.0,371078.30000000005,30991551.519999996,125754.0,507615.65,6076592.829999999
2015,35,New Mexico,7849.0,157268.0,158970.90000000002,12686087.29,38280.0,77711.0,78909.4,5335641.99,23303.0,162937.84999999998,1010446.55
2015,36,New York,81888.0,1059440.0,1065765.8,100616374.14,327260.0,596986.0,600979.3,42375222.57000001,222770.0,788897.8899999999,8277128.61
2015,37,North Carolina,44555.0,1104325.0,1112547.1,90419172.68,258987.0,525339.0,530545.8,35562411.260000005,153617.0,1207916.2999999996,9130648.94
2015,38,North Dakota,2989.0,34500.0,34931.1,2501423.52,10543.0,19690.0,20001.0,1049696.92,7134.0,27740.33,311122.39999999997
2015,39,Ohio,49522.0,1092926.0,1103033.2999999998,78689529.38,267675.0,587680.0,594934.6,34824437.559999995,171631.0,902748.4,8691168.32
2015,40,Oklahoma,10461.0,253830.0,255797.09999999998,32034434.96,57782.0,118765.0,119955.9,12431628.250000002,32884.0,276120.95000000007,2900401.06
2015,41,Oregon,20750.0,374587.0,378969.30000000005,26627411.379999995,92713.0,226813.0,230003.9,13628874.17,64726.0,280381.31,3351240.9800000004
2015,42,Pennsylvania,66919.0,1276876.0,1288431.8,115925419.73999998,331906.0,655084.0,662551.3999999999,45905460.190000005,210143.0,1053935.8000000003,10312909.290000001
2015,44,Rhode Island,5903.0,81926.0,81991.70000000001,7871953.71,23372.0,40630.0,40668.9,2681649.1999999997,13931.0,77501.43,607315.0
2015,45,South Carolina,15725.0,386116.0,386449.80000000005,34466329.41,103630.0,185504.0,185692.40000000002,13805628.21,61712.0,415731.06999999995,3774204.4399999995
2015,46,South Dakota,3068.0,32232.0,32567.199999999997,3307829.35,9577.0,17372.0,17593.9,1282615.31,6269.0,28214.96,365339.69
2015,47,Tennessee,28004.0,825221.0,825816.8,67770536.76000002,182665.0,357742.0,358011.60000000003,25033064.21,98462.0,1063421.47,6667362.240000001
2015,48,Texas,19020.0,281564.0,284471.19999999995,46379009.779999994,72324.0,130461.0,132070.8,18487444.24,40418.0,392117.52,4448063.54
2015,49,Utah,9712.0,167065.0,167233.6,14845237.34,41402.0,89622.0,89708.6,6415319.18,27515.0,137890.18,2079857.2100000002
2015,50,Vermont,3133.0,47892.0,48240.2,4440522.840000001,10640.0,21411.0,21675.0,1547479.54,6244.0,39189.34,260010.22000000003
2015,51,Virginia,28815.0,500101.0,504996.0,37040635.35000001,134280.0,250120.0,253284.80000000002,14714794.44,83180.0,491639.9000000001,4565061.470000001
2015,53,Washington,32340.0,514727.0,521428.7,35068347.309999995,130521.0,291736.0,296469.6,16543551.309999999,86780.0,369525.97,4645561.800000001
2015,54,West Virginia,6242.0,166035.0,166771.59999999998,12976580.6,39022.0,82602.0,83064.29999999999,5553780.24,22197.0,177461.18,1468817.98
2015,55,Wisconsin,24613.0,427631.0,431017.1,42225226.19,95638.0,203854.0,206043.2,14619477.23,57492.0,342590.06999999995,3712967.48
2015,56,Wyoming,2116.0,28641.0,29053.300000000003,2895180.17,7695.0,15230.0,15492.8,1226706.33,4736.0,28139.480000000003,313058.75
2015,66,Guam,113.0,643.0,645.6,30895.82,317.0,397.0,399.0,15284.81,202.0,261.77,9848.2
2015,69,Northern Mariana Islands,11.0,59.0,60.0,3315.51,16.0,25.0,26.0,2323.09,0.0,64.78999999999999,1613.48
2015,72,Puerto Rico,6876.0,101221.0,101341.9,2588815.5300000003,33809.0,39963.0,40006.9,803217.91,18047.0,10339.640000000001,154808.14
2015,78,Virgin Islands,119.0,833.0,850.2,53859.270000000004,461.0,579.0,596.2,34124.43,327.0,212.65,13468.63
2015,9A,Armed Forces Central/South America,7.0,21.0,21.0,221.84,20.0,0.0,0.0,0.0,0.0,1.93,34.77
2015,9B,Armed Forces Europe,53.0,715.0,716.3,32835.100000000006,394.0,320.0,320.3,9958.57,188.0,613.98,2909.03
2015,9C,Armed Forces Pacific,35.0,199.0,199.7,2907.01,181.0,100.0,100.0,1753.37,94.0,71.85,460.68
2015,9D,Unknown,2.0,20.0,20.5,454.76,0.0,0.0,0.0,0.0,0.0,20.64,0.0
2015,9E,Foreign Country,121.0,923.0,924.5,51549.09,519.0,402.0,403.0,23667.71,229.0,726.28,4118.15
2016,01,Alabama,12687.0,400565.0,402750.30000000005,36980803.86,92298.0,178290.0,179615.5,14576277.78,50871.0,574689.39,3768317.33
2016,02,Alaska,2557.0,29100.0,29490.1,2878378.25,7250.0,13846.0,14078.2,1024759.3999999999,4024.0,28615.410000000003,181824.51
2016,04,Arizona,27902.0,621959.0,628461.1,47057640.24000001,162914.0,356289.0,361340.4,23397907.12,113849.0,514728.83999999997,6443159.25
2016,05,Arkansas,7425.0,207889.0,209073.5,15535020.52,51383.0,90195.0,90864.5,5686116.659999999,28345.0,278456.37,1997942.09
2016,06,California,82331.0,1108168.0,1119278.2,139428892.92000002,281570.0,661451.0,669307.8,66402961.64,197903.0,832612.8600000001,11448956.59
2016,08,Colorado,25195.0,410147.0,414237.0,31075626.830000002,104780.0,236823.0,239701.0,14465734.629999999,72410.0,344689.62,3652867.92
2016,09,Connecticut,18191.0,278641.0,281183.8,30726822.41,75567.0,154720.0,156545.69999999998,12953636.58,51236.0,275792.86,1916512.45
2016,10,Delaware,4545.0,100094.0,100459.7,9099767.160000002,24943.0,51744.0,51987.399999999994,3876351.18,16131.0,115289.5,893276.3400000001
2016,11,District of Columbia,4679.0,36241.0,36593.2,2542279.69,14494.0,18176.0,18395.1,1154631.6,8351.0,28540.489999999998,140464.44
2016,12,Florida,54279.0,1642660.0,1656383.0999999999,134515987.34,434151.0,907170.0,916116.7999999999,58369267.769999996,297201.0,1887259.4400000002,17341886.779999997
2016,13,Georgia,23923.0,686379.0,689582.0,50539577.92,169285.0,344449.0,346423.4,22288184.64,105106.0,885085.37,6542411.51
2016,15,Hawaii,3747.0,46429.0,46713.899999999994,3677159.8200000003,15056.0,29402.0,29571.4,1872420.98,11159.0,32817.72,309193.70999999996
2016,16,Idaho,5493.0,86199.0,87095.59999999999,7893702.369999999,21472.0,43247.0,43809.2,3271619.16,13247.0,79153.09000000001,902768.38
2016,17,Illinois,20315.0,214858.0,215176.59999999998,27568816.479999997,56629.0,99780.0,99966.4,10091680.57,32501.0,226084.3,2785262.3699999996
2016,18,Indiana,18724.0,399059.0,401956.39999999997,37521284.14,86467.0,183821.0,185659.8,13616576.750000002,49184.0,469877.11999999994,4276110.58
2016,19,Iowa,9636.0,112904.0,113896.29999999999,9912717.8,31452.0,65485.0,66208.8,4365811.22,21142.0,90960.2,1068226.81
2016,20,Kansas,11133.0,194084.0,195447.0,19151064.8,45490.0,93795.0,94686.4,7104954.68,27576.0,195726.08,2201084.14
2016,21,Kentucky,12763.0,385054.0,386835.1,30372144.64,87650.0,187631.0,188844.0,13296821.120000001,49434.0,531280.09,4077456.26
2016,22,Louisiana,12749.0,313832.0,315191.6,24764620.139999997,75068.0,146082.0,146856.80000000002,9440628.22,44081.0,394010.56,3295665.0500000003
2016,23,Maine,7158.0,126210.0,127296.70000000001,11086446.159999998,29160.0,56218.0,56909.3,4031083.35,17052.0,98535.35,760145.3099999999
2016,24,Maryland,25401.0,462884.0,467589.6,36755306.05,112636.0,231118.0,234441.4,15572091.14,70857.0,516851.8799999999,3788185.31
2016,25,Massachusetts,38095.0,593375.0,593842.7,42997708.38,153281.0,304546.0,304859.1,17621220.759999998,96220.0,464918.56,2859794.5300000003
2016,26,Michigan,29760.0,466532.0,471813.70000000007,53147128.70999999,107853.0,209874.0,213087.9,19837028.240000002,61194.0,483616.25000000006,4150133.4899999998
2016,27,Minnesota,25098.0,345812.0,349420.9,26771904.29,96246.0,197325.0,199883.40000000002,11789538.86,66612.0,234457.65000000002,2749057.53
2016,28,Mississippi,7362.0,190727.0,191687.99999999997,14051291.8,44767.0,84126.0,84621.0,5444208.5600000005,23927.0,245396.22,1759179.21
2016,29,Missouri,20804.0,482763.0,484339.1,51368775.01,113010.0,220236.0,221210.0,18268716.240000002,64972.0,449673.15,4872284.180000001
2016,30,Montana,4408.0,61004.0,61695.2,4953053.37,15187.0,34222.0,34743.799999999996,2172582.09,10216.0,67873.63999999998,560958.72
2016,31,Nebraska,6770.0,80311.0,81128.0,7358143.8,22376.0,42381.0,42886.1,2658604.7399999998,14325.0,68352.09999999999,751431.5700000001
2016,32,Nevada,8373.0,205730.0,207186.3,15228337.410000002,48360.0,113863.0,114831.2,7379661.9,31890.0,271679.61000000004,2463319.5700000003
2016,33,New Hampshire,7302.0,116695.0,116846.30000000002,10404991.240000002,29435.0,53853.0,53940.299999999996,3902180.55,17753.0,126670.09,1111557.0599999998
2016,34,New Jersey,35382.0,696640.0,697144.3,77393684.10000001,180095.0,373578.0,373834.5,31243369.4,121776.0,506948.43,6214439.46
2016,35,New Mexico,7412.0,156211.0,157656.90000000002,11574835.15,36610.0,78284.0,79335.09999999999,4880472.34,22576.0,159946.43000000002,1201026.3699999999
2016,36,New York,81705.0,1072113.0,1078040.4,93310613.72999997,323374.0,610832.0,614609.3999999999,41377534.5,223286.0,795267.4600000001,8323187.59
2016,37,North Carolina,44342.0,1120786.0,1128691.1,84836133.02,257979.0,548262.0,553262.4,35382909.79000001,155484.0,1265901.8099999998,10096510.49
2016,38,North Dakota,2928.0,33702.0,34119.3,2395782.33,10381.0,19815.0,20126.100000000002,1031981.2,7184.0,30847.17,308697.2
2016,39,Ohio,48593.0,1092104.0,1101394.5,72235278.49,264101.0,599804.0,606626.5,32944746.57,172330.0,966888.71,9689375.13
2016,40,Oklahoma,9981.0,271062.0,272764.0,31668401.43,59460.0,129517.0,130578.5,12483601.59,34490.0,311806.05,3437829.8800000004
2016,41,Oregon,19865.0,374378.0,378461.30000000005,24120867.04,93223.0,232051.0,235020.69999999995,12727368.75,66144.0,298401.36,3301501.47
2016,42,Pennsylvania,65580.0,1285512.0,1296706.2000000002,110432424.63000001,327553.0,673394.0,680709.6000000001,45318425.300000004,211479.0,1075683.5499999998,10836579.170000002
2016,44,Rhode Island,5570.0,80620.0,80668.2,7655246.26,23230.0,42040.0,42065.6,2583046.19,14444.0,77856.01,596541.86
2016,45,South Carolina,15234.0,401514.0,401800.1,33223602.249999996,103527.0,199360.0,199511.09999999998,14171522.370000001,62961.0,427674.8499999999,3983485.6499999994
2016,46,South Dakota,3144.0,34678.0,35007.9,3371481.9799999995,10056.0,19090.0,19306.8,1395398.5899999999,6716.0,34929.2,370732.74000000005
2016,47,Tennessee,28227.0,850216.0,850749.8999999999,61084154.94,186314.0,386356.0,386621.6,24077672.1,104018.0,1100052.67,6712684.06
2016,48,Texas,19140.0,307548.0,310278.0,45383673.33,77328.0,149729.0,151244.40000000002,19125593.56,45011.0,424539.76000000007,4905639.02
2016,49,Utah,9844.0,176843.0,177010.90000000002,14249735.25,43447.0,97105.0,97205.29999999999,6371654.109999999,29327.0,156499.95,2206045.7600000002
2016,50,Vermont,3030.0,47409.0,47699.299999999996,4434661.619999999,10461.0,21453.0,21673.0,1543951.48,6273.0,37093.829999999994,256901.54
2016,51,Virginia,27996.0,507847.0,512470.0,35598381.33,134172.0,262044.0,265116.89999999997,14774311.61,84944.0,523358.94999999995,4640946.65
2016,53,Washington,31039.0,520418.0,526729.8,33839311.15,130380.0,302787.0,307356.80000000005,16983798.04,88295.0,385542.55,4759063.299999999
2016,54,West Virginia,5742.0,151642.0,152178.09999999998,10408258.29,34932.0,79731.0,80076.1,4807870.43,20777.0,159261.34,1370703.3800000001
2016,55,Wisconsin,24062.0,424995.0,428109.60000000003,40209282.1,94785.0,207207.0,209332.3,14649744.76,57920.0,338105.63999999996,3751222.49
2016,56,Wyoming,2196.0,28843.0,29255.8,2678361.77,7468.0,16110.0,16437.0,1237495.46,4923.0,26595.190000000002,305681.14
2016,66,Guam,112.0,626.0,626.4,26217.54,297.0,379.0,379.4,14904.88,199.0,399.62,11362.4
2016,69,Northern Mariana Islands,17.0,62.0,62.0,2956.97,11.0,0.0,0.0,0.0,0.0,379.36,1118.66
2016,72,Puerto Rico,6562.0,104337.0,104470.70000000001,2598624.25,33412.0,41625.0,41675.9,822983.1599999999,18175.0,11100.79,208116.99
2016,78,Virgin Islands,114.0,1018.0,1037.5,58689.09,413.0,673.0,679.5,26962.89,288.0,508.09,12592.15
2016,9A,Armed Forces Central/South America,10.0,22.0,22.0,202.19,22.0,0.0,0.0,0.0,0.0,1.6,82.62
2016,9B,Armed Forces Europe,55.0,432.0,438.0,19192.989999999998,286.0,225.0,228.0,4936.63,160.0,243.74,1418.5100000000002
2016,9C,Armed Forces Pacific,38.0,221.0,221.0,2290.26,189.0,125.0,125.0,1133.79,113.0,92.84,469.43
2016,9D,Unknown,11.0,430.0,430.0,18115.29,228.0,145.0,145.0,4887.280000000001,99.0,410.46,2174.77
2016,9E,Foreign Country,105.0,723.0,724.6,34050.450000000004,436.0,370.0,370.0,12505.679999999998,239.0,341.38,6167.01
2017,01,Alabama,11921.0,396390.0,398399.99999999994,32129605.409999996,89906.0,185922.0,187086.80000000002,13330301.69,51266.0,588822.73,3949250.02
2017,02,Alaska,2410.0,27583.0,27981.7,2627472.83,7028.0,13458.0,13714.7,984882.5599999999,4033.0,27872.68,184963.40999999997
2017,04,Arizona,26185.0,596386.0,601759.7,38441896.089999996,154592.0,351228.0,355417.8,19517638.57,109929.0,492721.42000000004,5784393.71
2017,05,Arkansas,6963.0,206347.0,207433.9,13552258.959999997,49277.0,91885.0,92487.70000000001,5210906.89,27804.0,284829.45999999996,2019219.7
2017,06,California,79958.0,1115234.0,1125041.2,117936706.57,280423.0,695613.0,702536.5,58218362.269999996,203337.0,752885.52,10910274.61
2017,08,Colorado,23982.0,391604.0,395202.6,25261090.35,100345.0,233087.0,235776.90000000002,12051156.17,70886.0,324710.2,3187560.9600000004
2017,09,Connecticut,17258.0,259426.0,261558.4,26786521.710000005,70311.0,147899.0,149506.2,11664554.06,48842.0,265456.41,1696103.69
2017,10,Delaware,4288.0,93666.0,93961.6,7923618.38,23336.0,49393.0,49602.9,3594345.83,15276.0,111224.15000000001,840780.14
2017,11,District of Columbia,4507.0,34568.0,34901.8,2092687.3800000001,13841.0,17914.0,18142.8,992511.06,8314.0,27342.15,135379.66
2017,12,Florida,55765.0,1697589.0,1710900.2,127365618.06,437403.0,957748.0,966562.9,55893467.76000001,303404.0,2040488.09,16880459.03
2017,13,Georgia,22498.0,706898.0,710210.6,46767039.53,169463.0,363362.0,365465.69999999995,20587591.96,107584.0,972379.6399999999,6757623.6899999995
2017,15,Hawaii,3609.0,46365.0,46434.6,3282016.0100000002,14735.0,30427.0,30482.5,1685967.96,11154.0,31611.760000000002,304466.34
2017,16,Idaho,5298.0,87332.0,88243.20000000001,7222413.74,21448.0,45500.0,46087.3,3097534.7800000003,13697.0,85057.51,853375.02
2017,17,Illinois,19781.0,212397.0,212608.3,24780876.65,54940.0,104075.0,104190.9,10035189.14,33133.0,199939.06,2750325.16
2017,18,Indiana,17524.0,392007.0,394704.3,32527640.06,82665.0,187924.0,189665.0,12210326.5,48828.0,470609.86000000004,4007268.69
2017,19,Iowa,9216.0,106433.0,107317.6,8558154.07,30268.0,64599.0,65211.0,4027907.5100000002,21241.0,77070.73,1048487.3
2017,20,Kansas,10777.0,193358.0,194748.1,17986980.009999998,45309.0,97363.0,98304.6,7009460.369999999,28386.0,204788.07,2283713.66
2017,21,Kentucky,12065.0,383718.0,385482.3,27951258.18,84808.0,193637.0,194840.69999999998,12485744.780000001,49742.0,545061.84,4117215.83
2017,22,Louisiana,12403.0,317087.0,318420.3,22711236.04,75018.0,153155.0,153986.3,9276412.889999999,45074.0,415841.75999999995,3321881.4699999997
2017,23,Maine,6480.0,117170.0,117365.0,8289884.43,26539.0,55558.0,55670.1,3337035.8,16265.0,103946.79,682965.1399999999
2017,24,Maryland,24124.0,453861.0,458152.9,34444426.919999994,106794.0,228812.0,231884.3,14539824.9,67679.0,541441.65,3671449.130000001
2017,25,Massachusetts,35510.0,553689.0,553994.3,38834579.28,141810.0,296882.0,297071.5,16754291.23,92587.0,413796.19,2689388.97
2017,26,Michigan,29264.0,446291.0,450828.0,44617169.449999996,102521.0,211019.0,213813.8,17086348.18,60379.0,338790.78,4133141.2100000004
2017,27,Minnesota,23923.0,328544.0,332023.69999999995,23159395.24,93190.0,190990.0,193587.59999999998,9951340.06,66131.0,217630.00999999998,2632700.7100000004
2017,28,Mississippi,6777.0,190353.0,191238.7,13232058.28,43658.0,87181.0,87646.1,5317844.95,23980.0,262481.75999999995,1877152.7000000002
2017,29,Missouri,19665.0,474205.0,475677.5,45664794.5,107867.0,222105.0,223095.7,16841277.979999997,63820.0,499522.58,4654860.75
2017,30,Montana,4249.0,60968.0,61631.100000000006,4255934.22,15507.0,36110.0,36632.99999999999,2053211.83,10931.0,73128.01,619021.64
2017,31,Nebraska,6733.0,79388.0,80117.40000000001,6881853.99,22206.0,43635.0,44077.8,2628953.8000000003,14762.0,65786.91,739898.33
2017,32,Nevada,8002.0,212088.0,213422.5,12936727.05,47872.0,120468.0,121368.79999999999,6427121.61,32029.0,257873.42,2368797.3400000003
2017,33,New Hampshire,6512.0,107259.0,107346.9,8956960.72,26031.0,51862.0,51905.8,3657638.7,16395.0,131276.18000000002,1033140.78
2017,34,New Jersey,32207.0,641706.0,642148.1000000001,67047494.56999999,161194.0,349581.0,349829.4,27938957.99,110469.0,494115.81000000006,5722308.319999999
2017,35,New Mexico,7040.0,143404.0,144667.2,9060291.159999998,33665.0,74378.0,75297.29999999999,3973940.5300000003,20880.0,155365.26,1010473.97
2017,36,New York,77286.0,1044372.0,1049549.0999999999,81072884.92000002,308281.0,607794.0,611124.5000000001,37065840.57000001,216952.0,780801.4,7415829.240000001
2017,37,North Carolina,41830.0,1078814.0,1085778.9,75636248.04,245669.0,548039.0,552590.7999999999,32734599.65,151792.0,1272448.7,9934275.27
2017,38,North Dakota,2828.0,31275.0,31678.0,2078646.8499999999,10078.0,19388.0,19690.7,984693.83,7263.0,24321.42,300392.31999999995
2017,39,Ohio,45043.0,1027585.0,1035567.3999999998,61428699.45999999,249072.0,580432.0,586297.3999999999,28764156.87,166382.0,857605.48,8850671.46
2017,40,Oklahoma,9204.0,273380.0,275196.5,29402677.76,58211.0,135092.0,136214.4,11944281.340000002,34892.0,312808.92,3366229.6299999994
2017,41,Oregon,18666.0,355884.0,359526.0,19505868.5,89490.0,227741.0,230412.50000000003,10688850.540000001,65154.0,274047.35,3070611.54
2017,42,Pennsylvania,60863.0,1194612.0,1204529.5,98222847.71,299560.0,641907.0,648558.2,41122541.93,198279.0,1037920.3700000001,10483082.86
2017,44,Rhode Island,5248.0,75967.0,75991.5,6642642.73,21585.0,41729.0,41739.7,2601643.9,13974.0,70045.42,534658.5700000001
2017,45,South Carolina,14378.0,390457.0,390708.1,29544801.219999995,98780.0,200133.0,200256.00000000003,12908958.41,61535.0,433175.0999999999,3926601.8400000003
2017,46,South Dakota,3094.0,32878.0,33203.7,3085681.69,9871.0,18959.0,19199.6,1335915.9699999997,6916.0,33158.92,380723.86
2017,47,Tennessee,26490.0,843065.0,843472.6000000001,54322011.080000006,180346.0,397272.0,397473.3,22385810.4,103442.0,1123721.46,6812553.11
2017,48,Texas,19132.0,327779.0,330452.6,41641263.69,81274.0,168792.0,170382.0,18878407.78,49781.0,434241.19999999995,5113817.699999999
2017,49,Utah,9310.0,175197.0,175295.9,12141952.84,42652.0,100527.0,100591.69999999998,5697802.13,29656.0,103273.69000000002,2117699.4499999997
2017,50,Vermont,2775.0,44367.0,44596.7,3875380.92,9023.0,20304.0,20470.2,1394890.8599999999,5641.0,36808.3,234953.11
2017,51,Virginia,25949.0,474411.0,478143.10000000003,31183690.809999995,124648.0,253457.0,256052.90000000002,13335329.760000002,80799.0,501723.37,4271284.46
2017,53,Washington,29479.0,510105.0,516132.5999999999,29787112.019999996,127627.0,305627.0,310039.8,15253105.98,89050.0,390769.14,4437752.82
2017,54,West Virginia,5207.0,138880.0,139293.1,8478634.07,32286.0,77221.0,77509.3,4257998.859999999,19771.0,149301.78999999998,1283065.24
2017,55,Wisconsin,22432.0,387918.0,390592.5,31844417.25,86430.0,193400.0,195197.10000000003,12138772.450000001,53655.0,307122.62,3195975.7500000005
2017,56,Wyoming,2002.0,28540.0,29018.299999999996,2427001.76,7362.0,16225.0,16605.9,1151888.4,4993.0,30046.45,288788.09
2017,66,Guam,100.0,636.0,637.1,21038.37,234.0,410.0,411.1,8718.35,168.0,435.0,6926.3099999999995
2017,69,Northern Mariana Islands,13.0,49.0,49.0,1066.53,17.0,0.0,0.0,0.0,0.0,178.27,344.44
2017,72,Puerto Rico,5971.0,98998.0,99081.7,2327909.9299999997,30955.0,40766.0,40802.3,736727.49,17232.0,11592.44,164869.56
2017,78,Virgin Islands,93.0,615.0,626.6999999999999,20553.73,282.0,421.0,428.40000000000003,8181.59,211.0,111.68,7126.04
2017,9A,Armed Forces Central/South America,13.0,49.0,49.0,271.17,47.0,0.0,0.0,0.0,0.0,6.630000000000001,96.14999999999999
2017,9B,Armed Forces Europe,59.0,569.0,570.0,32199.48,326.0,350.0,351.0,8566.130000000001,221.0,328.65000000000003,2573.8599999999997
2017,9C,Armed Forces Pacific,38.0,195.0,195.0,2611.23,144.0,108.0,108.0,1140.53,88.0,86.63,504.29999999999995
2017,9D,Unknown,8.0,417.0,417.1,15556.869999999999,231.0,151.0,151.0,5398.16,98.0,681.2600000000001,1975.1399999999999
2017,9E,Foreign Country,92.0,763.0,765.3,23226.41,487.0,447.0,449.3,10544.89,296.0,315.25,3805.3
2018,01,Alabama,11358.0,390671.0,392051.69999999995,29035069.399999995,87435.0,191091.0,191915.3,12616161.23,51649.0,541655.95,4071688.4999999995
2018,02,Alaska,2241.0,26135.0,26421.800000000003,2626820.47,6483.0,13269.0,13479.0,1056796.54,3867.0,28913.820000000003,185648.26
2018,04,Arizona,24241.0,552143.0,555502.8,35811388.93000001,140681.0,334101.0,336734.6,19058391.5,101713.0,483481.72,5510048.879999999
2018,05,Arkansas,6425.0,194714.0,195325.80000000002,12077605.25,45450.0,86906.0,87217.2,4731398.8,25529.0,264838.82,1881013.5699999998
2018,06,California,76109.0,1083798.0,1091039.5999999999,108580376.24999999,268695.0,698495.0,703689.0,56714333.24000001,199492.0,703638.89,10453959.93
2018,08,Colorado,22989.0,367067.0,369357.3,23829428.08,93715.0,223929.0,225654.0,11931234.7,67692.0,297256.26,3132193.0399999996
2018,09,Connecticut,16125.0,248177.0,249907.0,25374461.12,66210.0,145826.0,147100.2,11698964.86,47425.0,240156.63999999998,1679629.4700000002
2018,10,Delaware,3961.0,88475.0,88690.1,7835934.98,21318.0,47407.0,47564.0,3702033.44,14105.0,107761.43999999999,819464.0399999999
2018,11,District of Columbia,4196.0,34505.0,34765.0,2349388.64,13782.0,18496.0,18660.1,1120028.92,8549.0,26375.11,156301.47
2018,12,Florida,54253.0,1643239.0,1651655.4999999998,127332040.93,405541.0,942001.0,947667.4000000001,58171437.55,284265.0,1991383.39,17157461.240000002
2018,13,Georgia,20911.0,695919.0,698231.7000000001,45648088.62,161211.0,367257.0,368720.6,20905608.740000006,104342.0,932586.3599999999,6549569.44
2018,15,Hawaii,3390.0,43661.0,43698.8,3023395.34,13548.0,28825.0,28850.5,1637380.85,10367.0,28109.79,300310.07999999996
2018,16,Idaho,5078.0,87249.0,87920.4,6972672.76,20955.0,47579.0,47997.9,3162352.12,13765.0,83403.89,838393.66
2018,17,Illinois,18919.0,208607.0,208754.5,23688836.130000003,53196.0,106938.0,107012.79999999999,10406716.149999999,33692.0,186152.82,2511729.8600000003
2018,18,Indiana,16779.0,367656.0,369492.29999999993,30344408.38,77281.0,183813.0,185072.19999999998,11924891.959999999,47021.0,417043.99999999994,3660603.61
2018,19,Iowa,8823.0,98266.0,98885.80000000002,7630980.739999999,27868.0,61419.0,61875.799999999996,3682192.8,19905.0,68731.43999999999,955604.5799999998
2018,20,Kansas,10282.0,185855.0,186811.0,16358832.010000002,43307.0,97667.0,98334.5,6756421.58,28167.0,188374.09,2106740.9899999998
2018,21,Kentucky,11562.0,382492.0,383640.60000000003,27155055.089999996,83083.0,197622.0,198424.6,12413166.04,49511.0,541058.55,3813085.7900000005
2018,22,Louisiana,11585.0,314487.0,315197.39999999997,20817695.06,71892.0,157681.0,158081.7,8908477.67,44116.0,388555.57999999996,2799516.91
2018,23,Maine,6188.0,109260.0,109358.4,8105816.39,24492.0,54211.0,54266.5,3394883.3600000003,15600.0,91739.48,652899.1200000001
2018,24,Maryland,22267.0,430835.0,433858.10000000003,32389178.819999993,98283.0,223835.0,226158.3,14255191.57,63770.0,520190.08,3370885.409999999
2018,25,Massachusetts,33779.0,523372.0,523597.80000000005,38982115.559999995,132304.0,290634.0,290753.8,17813698.520000003,88883.0,406869.77,2678849.6
2018,26,Michigan,26848.0,406962.0,410010.2,36547424.779999994,91609.0,200009.0,201990.69999999998,14581117.61,55737.0,408579.55,3437655.11
2018,27,Minnesota,22835.0,310849.0,313478.8,20346836.09,89436.0,186662.0,188627.7,9014661.799999999,65100.0,199813.19,2401898.4099999997
2018,28,Mississippi,6427.0,177025.0,177513.09999999998,11414662.12,40436.0,84821.0,85099.20000000001,4796530.129999999,22928.0,245986.65,1649477.0400000003
2018,29,Missouri,18256.0,448087.0,449205.4,40748808.85,100031.0,218640.0,219400.10000000003,16227514.58,60914.0,415739.83,4387807.3
2018,30,Montana,4158.0,60402.0,60793.9,3944357.0100000002,15098.0,36773.0,37082.4,1994647.23,10826.0,73019.19,580843.6900000001
2018,31,Nebraska,6392.0,80658.0,81179.7,7041420.91,21946.0,45162.0,45513.0,2808743.3600000003,14825.0,68525.20999999999,733012.97
2018,32,Nevada,6913.0,193188.0,193988.5,12483276.529999997,41041.0,111537.0,112090.9,6325785.12,27432.0,243276.18000000002,2176367.93
2018,33,New Hampshire,6319.0,103732.0,103789.40000000001,8811536.7,25392.0,51838.0,51871.4,3728725.9499999993,16473.0,115958.89,1010942.19
2018,34,New Jersey,29100.0,583865.0,584233.8,60922414.51,142995.0,327414.0,327624.4,27153573.180000003,100144.0,434283.07,5404882.179999999
2018,35,New Mexico,6667.0,136884.0,137834.5,8419470.56,31073.0,72224.0,72940.2,3947360.17,19721.0,134159.92,920480.69
2018,36,New York,73243.0,1012453.0,1016625.7999999999,77024144.56999998,291392.0,598234.0,600904.3999999999,36913189.15,207951.0,727326.76,7177223.67
2018,37,North Carolina,39200.0,1018573.0,1023101.5000000001,73722422.05000001,225909.0,532088.0,535116.2,32831679.529999997,143022.0,1202035.4500000002,9365688.46
2018,38,North Dakota,2757.0,29683.0,29933.9,1819114.45,9743.0,18652.0,18849.7,844564.31,7095.0,23298.0,261994.95999999996
2018,39,Ohio,42394.0,946945.0,952589.0,55092302.0,227773.0,548252.0,552545.7,26945580.78,155432.0,807949.7999999999,7983435.4
2018,40,Oklahoma,8593.0,262859.0,264025.80000000005,25072221.990000002,54855.0,133920.0,134684.3,10847825.439999998,33430.0,298749.89,2964039.55
2018,41,Oregon,17826.0,336700.0,339666.0,17005918.7,85690.0,222148.0,224356.69999999998,9644584.89,63923.0,248482.23,2857806.16
2018,42,Pennsylvania,56847.0,1104416.0,1111444.3,89773682.17,275839.0,608029.0,612753.5,38554402.31,185645.0,917967.9199999999,9624929.08
2018,44,Rhode Island,4818.0,70067.0,70103.9,6388023.12,19939.0,40016.0,40038.0,2677618.09,13339.0,68264.78,574567.1100000001
2018,45,South Carolina,13748.0,364501.0,364687.0,28406330.53,90973.0,193115.0,193214.1,12624089.17,58069.0,399696.54999999993,3698545.63
2018,46,South Dakota,2963.0,32287.0,32482.499999999996,2953716.8699999996,9593.0,18914.0,19042.6,1301961.2599999998,6835.0,31441.219999999998,337422.0
2018,47,Tennessee,25119.0,787671.0,788014.0,50318773.26,165894.0,387893.0,388048.7,21654003.15,98055.0,1095337.72,6368485.1
2018,48,Texas,18592.0,331396.0,333101.39999999997,38153127.31,80734.0,179458.0,180536.69999999998,18160231.56,51239.0,408187.26999999996,4909636.600000001
2018,49,Utah,8807.0,167935.0,168027.1,10953596.64,41178.0,99861.0,99916.20000000001,5287046.5,29385.0,131130.47999999998,1998525.4499999997
2018,50,Vermont,2508.0,39658.0,39858.5,3581297.8800000004,8077.0,18617.0,18762.199999999997,1365973.69,5077.0,34146.16,217902.34000000003
2018,51,Virginia,24774.0,442566.0,444799.99999999994,29157737.250000004,115004.0,242839.0,244463.90000000002,12882785.02,76268.0,455249.75,3980543.37
2018,53,Washington,28180.0,488700.0,493281.99999999994,27784271.130000003,122570.0,303818.0,307164.5,14994636.670000002,87960.0,367196.80999999994,4429097.729999999
2018,54,West Virginia,4675.0,120049.0,120260.9,7325431.550000001,28182.0,70432.0,70575.70000000001,3893825.24,17932.0,128614.1,1097709.98
2018,55,Wisconsin,21322.0,354084.0,356144.1,27937995.5,79843.0,185766.0,187155.9,11549834.04,51499.0,266564.88,3000870.2199999997
2018,56,Wyoming,1919.0,28336.0,28591.600000000002,2474082.71,6958.0,16057.0,16271.8,1068763.05,4821.0,25597.239999999998,290271.33
2018,66,Guam,85.0,589.0,590.5,19800.65,241.0,393.0,393.5,13891.85,174.0,662.6800000000001,8462.09
2018,69,Northern Mariana Islands,5.0,15.0,15.0,427.02,0.0,0.0,0.0,0.0,0.0,2.35,236.0
2018,72,Puerto Rico,5381.0,93931.0,93974.5,2052729.39,28451.0,39512.0,39526.8,659371.94,16214.0,11712.77,128442.76000000001
2018,78,Virgin Islands,80.0,469.0,469.6,14155.91,206.0,333.0,333.3,8805.54,163.0,119.12,5112.070000000001
2018,9A,Armed Forces Central/South America,8.0,28.0,28.0,194.33,26.0,0.0,0.0,0.0,0.0,4.36,53.72
2018,9B,Armed Forces Europe,38.0,331.0,331.0,4554.6,250.0,200.0,200.0,2665.99,156.0,130.10999999999999,1098.73
2018,9C,Armed Forces Pacific,37.0,175.0,175.0,2534.85,144.0,131.0,131.0,2035.7399999999998,106.0,50.98,595.62
2018,9D,Unknown,175.0,3606.0,3618.2999999999997,211068.96000000002,1365.0,2047.0,2056.8,72329.29000000001,885.0,3681.04,23419.449999999997
2018,9E,Foreign Country,78.0,707.0,708.0,22093.980000000003,391.0,401.0,402.0,8881.6,230.0,204.09,3675.33
2019,01,Alabama,10611.0,374501.0,375317.0,26264957.76,82701.0,193270.0,193753.30000000002,12155664.73,50466.0,503400.25,3539584.85
2019,02,Alaska,2305.0,28378.0,28468.5,2403171.12,7713.0,17181.0,17224.600000000002,1183759.8399999999,5315.0,27188.929999999997,150939.44
2019,04,Arizona,22228.0,531500.0,532382.6,31774453.65,133502.0,334469.0,335129.9,17498808.88,99401.0,440213.18999999994,4846475.0
2019,05,Arkansas,5990.0,176950.0,177258.5,9529949.31,40548.0,82903.0,83061.8,4000533.7300000004,23484.0,224198.36,1551324.29
2019,06,California,72070.0,1027926.0,1030965.3,94557309.58000001,254777.0,687250.0,689352.7999999999,52660668.11,194571.0,623979.68,9068013.0
2019,08,Colorado,21554.0,348340.0,349054.3,21001347.47,89486.0,221057.0,221575.9,11176423.020000001,66704.0,279250.7,2624841.37
2019,09,Connecticut,15134.0,241508.0,242268.30000000002,25316257.8,63615.0,144172.0,144693.5,11726164.909999998,46346.0,231724.93,1482349.19
2019,10,Delaware,3659.0,76624.0,76720.0,6900018.71,19072.0,44197.0,44261.600000000006,3522401.2800000003,13083.0,90474.37,649470.0700000001
2019,11,District of Columbia,3907.0,31956.0,32045.999999999996,2396902.1500000004,12470.0,17606.0,17659.5,1091667.19,8136.0,27024.840000000004,137933.45
2019,12,Florida,50652.0,1595337.0,1598861.3,120328178.96999998,378377.0,938707.0,941016.1000000001,57594826.58000001,269724.0,1858435.7200000002,14890929.659999996
2019,13,Georgia,19986.0,684434.0,685517.0,43053848.58,155895.0,374344.0,375046.9,20477807.990000002,103583.0,913043.06,5735348.780000001
2019,15,Hawaii,3128.0,41545.0,41564.100000000006,2753134.4800000004,12307.0,27849.0,27860.2,1519662.9100000001,9619.0,29946.36,236162.24000000002
2019,16,Idaho,4910.0,86143.0,86538.8,6969572.02,20434.0,49094.0,49321.3,3357329.8,13995.0,73369.93000000001,786140.8200000001
2019,17,Illinois,18263.0,195482.0,195539.5,22366482.16,51502.0,104822.0,104851.6,10043437.37,33912.0,167021.84,2151159.06
2019,18,Indiana,16203.0,363661.0,364474.6,30174240.62,74258.0,189271.0,189850.09999999998,12235022.770000001,46819.0,392507.84,3352191.3800000004
2019,19,Iowa,8541.0,94056.0,94415.8,7023249.9799999995,27237.0,60588.0,60845.9,3522915.96,19998.0,66192.15999999999,839273.09
2019,20,Kansas,9752.0,179842.0,180384.0,14985451.61,41402.0,99352.0,99729.09999999999,6651550.08,27847.0,170088.09,1875046.4100000001
2019,21,Kentucky,11012.0,372665.0,373412.7,26328258.180000003,78532.0,198017.0,198473.2,12367275.42,48049.0,511389.0,3426457.36
2019,22,Louisiana,11083.0,308789.0,309215.60000000003,18674360.56,68128.0,160998.0,161254.80000000002,8248597.430000001,42945.0,357233.88,2409449.07
2019,23,Maine,6148.0,105431.0,105491.6,8023612.5600000005,24228.0,55246.0,55287.9,3509615.41,16077.0,93523.05,578683.8200000001
2019,24,Maryland,20723.0,422924.0,424596.79999999993,31898697.119999997,93082.0,227179.0,228472.69999999998,14637350.040000001,61831.0,526155.35,3169130.14
2019,25,Massachusetts,32403.0,502500.0,502622.5,37765977.5,126434.0,289910.0,289978.9,17802864.94,87682.0,373811.38,2386309.69
2019,26,Michigan,25513.0,388175.0,389944.4,33484406.749999996,88740.0,201053.0,202187.5,14076532.399999999,56890.0,371511.42,2939594.66
2019,27,Minnesota,22141.0,299111.0,300836.39999999997,17929303.9,87975.0,186081.0,187316.59999999998,8204115.529999999,65524.0,174011.85,2106036.29
2019,28,Mississippi,5955.0,168740.0,169067.40000000002,10008071.37,37055.0,84343.0,84515.0,4336889.2700000005,21957.0,227294.36000000002,1389272.79
2019,29,Missouri,17493.0,425852.0,426453.0,35010023.48,94372.0,222106.0,222529.0,15112745.370000001,60270.0,389067.22000000003,3857253.0700000003
2019,30,Montana,4037.0,59218.0,59465.9,3604066.3200000003,14980.0,36963.0,37167.9,1994127.5799999998,11006.0,69865.93000000001,506395.44000000006
2019,31,Nebraska,6117.0,76145.0,76422.7,6559931.21,20914.0,44595.0,44781.6,2820492.07,14572.0,58952.92,664634.51
2019,32,Nevada,6769.0,191994.0,192303.1,11613361.11,39249.0,114552.0,114749.1,6081528.91,27063.0,232769.8,2024874.97
2019,33,New Hampshire,6019.0,96857.0,96884.5,8527935.58,24241.0,51651.0,51665.399999999994,3822315.41,16633.0,108241.84,899245.03
2019,34,New Jersey,27421.0,555269.0,555487.3999999999,58710497.949999996,135057.0,321217.0,321352.2,27196402.08,96526.0,384924.23999999993,4872045.53
2019,35,New Mexico,6332.0,128026.0,128459.79999999999,7107688.5200000005,28721.0,70697.0,70979.2,3258281.98,18789.0,126036.62,820774.3900000001
2019,36,New York,70885.0,977820.0,980323.2,74811215.62,277987.0,592830.0,594589.2,36267524.379999995,202656.0,671644.59,6408331.3
2019,37,North Carolina,37813.0,999821.0,1001896.7,72858177.87,218662.0,538942.0,540379.5,33474063.71,142119.0,1161891.91,8496161.969999999
2019,38,North Dakota,2655.0,29333.0,29537.9,1615254.43,9574.0,19127.0,19280.399999999998,734279.41,7228.0,19043.43,234573.44
2019,39,Ohio,41003.0,886515.0,889936.5,50757656.83,218408.0,533013.0,535658.0000000001,25743306.92,153754.0,725292.1,6993429.969999999
2019,40,Oklahoma,7653.0,239889.0,240328.59999999998,20501210.59,49679.0,129388.0,129712.6,9608939.43,31791.0,249017.88,2432412.6100000003
2019,41,Oregon,17044.0,324432.0,326196.8,15579453.01,83828.0,220789.0,222124.49999999997,9127606.26,64032.0,227469.39,2396982.99
2019,42,Pennsylvania,54414.0,1031348.0,1035376.6000000001,82060291.25999999,257551.0,588466.0,591193.8999999999,37357948.099999994,177972.0,816768.0200000001,8457546.7
2019,44,Rhode Island,4643.0,66413.0,66448.2,6000590.260000001,18909.0,39298.0,39318.5,2379255.76,13133.0,57167.66,487612.19999999995
2019,45,South Carolina,13761.0,343665.0,343757.7,25597425.490000002,85672.0,189193.0,189245.0,12023535.339999998,56451.0,346537.51999999996,3131484.44
2019,46,South Dakota,2766.0,29814.0,29938.699999999997,2674818.35,9129.0,18197.0,18281.000000000004,1273942.05,6627.0,25331.78,286479.57999999996
2019,47,Tennessee,23500.0,737450.0,737630.3,46627391.510000005,153351.0,383732.0,383812.8,21271614.51,94532.0,943344.17,5551300.46
2019,48,Texas,17733.0,326674.0,327365.6,35226993.45,80494.0,184609.0,185072.2,17390231.05,52835.0,387711.7900000001,4363863.89
2019,49,Utah,8524.0,166162.0,166207.09999999998,11092484.559999999,40007.0,102730.0,102770.6,5477484.0,29422.0,131750.18,1840079.98
2019,50,Vermont,2377.0,35520.0,35624.3,3343491.34,7774.0,18409.0,18496.9,1396218.1099999999,5209.0,32292.17,180465.44
2019,51,Virginia,23795.0,428079.0,429239.80000000005,28676151.31,110229.0,241936.0,242775.0,13055802.739999998,74844.0,450148.25,3604139.6799999997
2019,53,Washington,26742.0,458944.0,461432.2,25055880.39,116590.0,298562.0,300465.6,13924731.489999998,86722.0,337699.14999999997,3729027.58
2019,54,West Virginia,4410.0,106386.0,106514.5,6524182.62,25923.0,65154.0,65236.0,3680949.8600000003,17326.0,111330.31999999999,940439.4400000001
2019,55,Wisconsin,20737.0,329489.0,330319.30000000005,24855893.810000002,76267.0,182403.0,182972.19999999998,10853780.82,51211.0,240359.39000000004,2555306.68
2019,56,Wyoming,1812.0,26117.0,26307.199999999997,2300244.5,6443.0,15445.0,15598.9,1128146.77,4511.0,21535.07,249203.00999999998
2019,66,Guam,68.0,406.0,406.0,13549.029999999999,160.0,274.0,274.0,9555.53,95.0,170.43,6556.2
2019,72,Puerto Rico,4780.0,82593.0,82625.6,1756707.66,24285.0,35462.0,35475.3,552780.72,13958.0,4716.799999999999,62344.23
2019,78,Virgin Islands,66.0,440.0,440.7,13284.61,205.0,318.0,318.0,7876.23,141.0,118.5,5175.54
2019,9A,Armed Forces Central/South America,13.0,51.0,51.0,295.63,50.0,0.0,0.0,0.0,0.0,3.8100000000000005,156.67
2019,9B,Armed Forces Europe,50.0,365.0,365.0,3726.54,258.0,233.0,233.0,2127.56,175.0,75.63,1103.49
2019,9C,Armed Forces Pacific,40.0,211.0,211.0,3815.62,148.0,133.0,133.0,2957.6600000000003,100.0,24.79,782.56
2019,9D,Unknown,2.0,53.0,53.0,1275.37,50.0,39.0,39.0,918.31,36.0,8.19,523.24
2019,9E,Foreign Country,66.0,562.0,562.0,10325.24,302.0,391.0,391.0,7435.7,206.0,164.4,3084.2
2020,01,Alabama,10142.0,370984.0,371572.70000000007,25065078.83,77920.0,197853.0,198255.1,12279030.100000001,48612.0,534048.7799999999,3640800.94
2020,02,Alaska,2167.0,28242.0,28313.9,2255987.01,7450.0,17931.0,17982.6,1221531.24,5248.0,27555.71,168014.3
2020,04,Arizona,20513.0,513196.0,513992.10000000003,31250229.109999996,122640.0,330304.0,330934.9,17849058.03,92081.0,449142.70999999996,4906267.83
2020,05,Arkansas,5458.0,165349.0,165586.59999999998,8524714.58,36682.0,80368.0,80518.4,3772907.66,21803.0,240619.09000000003,1557205.7000000002
2020,06,California,67236.0,993413.0,995736.2999999998,87047645.18,238436.0,681669.0,683292.4,51029356.57,185380.0,620261.3300000001,9286144.52
2020,08,Colorado,20560.0,340362.0,340936.30000000005,20658836.450000003,86224.0,222311.0,222751.40000000002,11672134.51,65731.0,289312.01,2615180.4499999997
2020,09,Connecticut,14250.0,230914.0,231492.2,24406165.03,57767.0,139932.0,140347.5,12208321.629999999,42729.0,251993.19999999998,1511961.5999999999
2020,10,Delaware,3405.0,79053.0,79154.0,7152707.630000001,18133.0,45206.0,45280.5,3774825.4299999997,12318.0,93575.22,699005.4
2020,11,District of Columbia,3447.0,28873.0,28957.1,2151433.19,10927.0,16498.0,16551.7,1067740.49,7181.0,25953.82,139835.21
2020,12,Florida,49953.0,1629055.0,1632194.5,122947187.98,366364.0,980736.0,982876.1000000001,62067572.370000005,264682.0,2046925.6300000001,15764528.440000001
2020,13,Georgia,19115.0,677445.0,678307.2,41864409.88,147053.0,379227.0,379772.2,20786240.79,99120.0,978505.18,5765443.15
2020,15,Hawaii,3139.0,42015.0,42034.0,2618824.47,12157.0,29776.0,29788.4,1531734.9300000002,9767.0,30551.9,231364.16
2020,16,Idaho,4755.0,84172.0,84499.0,6348490.97,19743.0,49925.0,50141.700000000004,3175293.2300000004,13966.0,81969.16,796498.81
2020,17,Illinois,17194.0,192767.0,192835.5,20975224.77,49561.0,106881.0,106933.09999999999,9635879.129999999,33303.0,183797.47000000003,2220895.92
2020,18,Indiana,15824.0,362570.0,363206.6,28973998.72,70718.0,193262.0,193752.0,12266781.030000001,45446.0,419671.69,3531489.88
2020,19,Iowa,7993.0,89013.0,89325.0,6439553.8,25666.0,58524.0,58780.9,3306010.26,19142.0,59643.799999999996,837838.4499999998
2020,20,Kansas,9386.0,176172.0,176616.0,13943843.140000002,40305.0,100160.0,100472.0,6523658.9,27873.0,185871.16999999998,1931642.58
2020,21,Kentucky,10377.0,370650.0,371163.2,23331205.71,74941.0,203363.0,203757.49999999997,11762160.510000002,47312.0,656306.38,3367062.24
2020,22,Louisiana,10664.0,304282.0,304546.30000000005,16942515.3,63891.0,163725.0,163881.30000000002,7772814.010000001,41000.0,378090.7,2703982.21
2020,23,Maine,6025.0,102911.0,102942.3,7612236.76,23445.0,55971.0,55990.5,3613670.66,15880.0,97272.69,581764.1799999999
2020,24,Maryland,19399.0,411371.0,412774.89999999997,30609284.86,85206.0,227190.0,228271.2,14832129.7,57619.0,548780.98,3298640.46
2020,25,Massachusetts,30212.0,490626.0,490725.5,36487800.85000001,117361.0,291176.0,291235.1,18139470.400000002,82949.0,386314.27999999997,2532688.83
2020,26,Michigan,24784.0,387209.0,388832.0,29712848.36,87294.0,209846.0,210878.9,13286125.66,58488.0,366311.47,2861662.09
2020,27,Minnesota,20571.0,289220.0,290513.1,16270073.87,83129.0,184883.0,185871.7,7902246.68,63174.0,169194.4,2137471.5
2020,28,Mississippi,5676.0,168400.0,168697.7,9661075.58,35547.0,85937.0,86109.1,4255814.699999999,21329.0,238577.59,1459469.87
2020,29,Missouri,16337.0,403583.0,404099.4,31897677.28,88333.0,219961.0,220346.39999999997,14601506.660000002,58209.0,384604.13,3875892.9899999998
2020,30,Montana,3899.0,58973.0,59209.6,3526189.1799999997,14514.0,37622.0,37800.399999999994,2044870.79,10874.0,60787.170000000006,540743.5900000001
2020,31,Nebraska,5850.0,75098.0,75323.50000000001,6571289.53,20115.0,44664.0,44817.50000000001,2844476.8,14382.0,65569.5,700386.98
2020,32,Nevada,6539.0,192280.0,192593.2,11108931.410000002,37867.0,117155.0,117357.0,5977691.14,26564.0,238516.22999999998,2064262.17
2020,33,New Hampshire,5712.0,94062.0,94084.79999999999,8049715.740000001,22663.0,52412.0,52424.4,3936491.01,15813.0,101266.28,903720.53
2020,34,New Jersey,25402.0,519774.0,519934.9,56044345.97,118821.0,304199.0,304278.1,27096712.91,85766.0,386139.72000000003,4952528.57
2020,35,New Mexico,5722.0,120030.0,120272.1,6414084.680000001,25392.0,68630.0,68813.79999999999,3103099.57,17065.0,132034.76,779502.3799999999
2020,36,New York,66107.0,934059.0,936253.0,71846313.88,248830.0,573570.0,575079.5,36651381.1,183219.0,695800.2499999999,6645598.359999999
2020,37,North Carolina,35930.0,996707.0,998428.7000000001,76231234.47,209987.0,549922.0,551165.9,36085946.4,139422.0,1246040.24,9016184.700000001
2020,38,North Dakota,2567.0,28869.0,29091.6,1454779.4900000002,9204.0,19059.0,19224.699999999997,719774.3099999999,6995.0,20134.969999999998,233334.95
2020,39,Ohio,39426.0,849172.0,851606.4000000001,49784329.09,205128.0,522472.0,524400.8,25107896.57,146769.0,735555.13,6716335.970000001
2020,40,Oklahoma,6991.0,235176.0,235557.7,17238555.25,46431.0,131333.0,131594.7,8669208.760000002,30648.0,243686.61,2499280.9000000004
2020,41,Oregon,16319.0,318425.0,320135.0,14447311.15,79559.0,223145.0,224438.90000000002,8801806.7,62011.0,226421.61000000002,2334805.3899999997
2020,42,Pennsylvania,50774.0,994458.0,998032.0000000001,77570287.54,240306.0,586064.0,588491.3,37505280.879999995,170274.0,807132.22,8572040.200000001
2020,44,Rhode Island,4431.0,64705.0,64728.0,5584201.31,18518.0,39115.0,39127.4,2430863.84,13284.0,58580.020000000004,517382.01
2020,45,South Carolina,13696.0,335572.0,335629.8,25157636.549999997,82409.0,188729.0,188758.6,12061431.85,54995.0,351056.51999999996,3094149.0900000003
2020,46,South Dakota,2600.0,29539.0,29626.2,2570052.57,8631.0,18750.0,18823.1,1348914.2800000003,6472.0,29248.88,312643.34
2020,47,Tennessee,22233.0,701804.0,701969.5,44868042.88,142463.0,381617.0,381717.2,21504475.44,90676.0,960740.3299999998,5609318.150000001
2020,48,Texas,16684.0,325348.0,325891.3,33428311.16,76934.0,189990.0,190341.0,17135229.110000003,51841.0,398647.76,4486286.89
2020,49,Utah,8312.0,171747.0,171791.5,10586174.59,39931.0,108408.0,108427.90000000001,5591958.970000001,30016.0,141757.09999999998,1858856.69
2020,50,Vermont,2234.0,33436.0,33526.5,3246045.56,6835.0,18514.0,18579.199999999997,1441517.1099999999,4687.0,31900.990000000005,203985.74
2020,51,Virginia,22776.0,421157.0,422164.1,28399431.630000003,105706.0,244726.0,245489.19999999998,13556484.370000003,73401.0,469994.63,3824702.170000001
2020,53,Washington,25644.0,452066.0,454746.4,24334760.66,111507.0,301413.0,303518.1,14176300.32,84101.0,337729.71,3761147.53
2020,54,West Virginia,4185.0,98012.0,98128.80000000002,5855930.829999999,23509.0,62047.0,62120.4,3400543.26,15973.0,106318.08,904931.73
2020,55,Wisconsin,19770.0,309060.0,309716.70000000007,22812337.249999996,70313.0,178415.0,178858.49999999997,10763563.639999999,48898.0,237253.24,2495360.8699999996
2020,56,Wyoming,1671.0,25299.0,25443.2,2217200.29,5920.0,15461.0,15594.099999999999,1119035.9400000002,4250.0,22211.06,271183.26
2020,66,Guam,81.0,570.0,571.0,17482.33,220.0,371.0,371.0,11830.75,153.0,330.15999999999997,8391.24
2020,69,Northern Mariana Islands,5.0,44.0,44.0,2414.07,0.0,30.0,30.0,1964.81,0.0,7.56,809.34
2020,72,Puerto Rico,4229.0,75873.0,75910.8,1569291.6500000001,20635.0,33102.0,33121.8,476636.91000000003,12041.0,3588.2799999999997,51055.87
2020,78,Virgin Islands,76.0,1030.0,1030.6,81600.54999999999,249.0,589.0,589.0,20474.0,189.0,815.3900000000002,10971.109999999999
2020,9A,Armed Forces Central/South America,14.0,65.0,65.0,671.7800000000001,55.0,30.0,30.0,178.05,0.0,12.32,263.06
2020,9B,Armed Forces Europe,55.0,367.0,367.0,4796.5,211.0,245.0,245.0,2702.29,152.0,128.77,1533.78
2020,9C,Armed Forces Pacific,35.0,179.0,179.0,2689.75,135.0,124.0,124.0,1414.56,102.0,22.86,1092.3200000000002
2020,9D,Unknown,10.0,119.0,119.0,2536.52,84.0,36.0,36.0,682.38,0.0,69.94,1141.7
2020,9E,Foreign Country,67.0,563.0,563.0,7500.94,349.0,398.0,398.0,5213.38,263.0,492.96,2494.52
2021,01,Alabama,10192.0,372282.0,372780.6,23637138.96,82976.0,209293.0,209601.1,12259412.260000002,54220.0,512155.27,3455460.95
2021,02,Alaska,2153.0,29489.0,29530.5,2349515.25,8141.0,19639.0,19670.7,1324477.4099999997,5973.0,24893.730000000003,184295.83000000002
2021,04,Arizona,20416.0,505178.0,505892.7,30502843.98,129152.0,337924.0,338494.29999999993,17783480.630000003,100152.0,364605.55000000005,4680098.12
2021,05,Arkansas,5525.0,164496.0,164718.5,8103687.33,37463.0,83516.0,83640.9,3760403.1799999997,23072.0,219207.58000000002,1378430.4
2021,06,California,68744.0,986856.0,988936.8999999999,79956329.94999999,257759.0,702594.0,704089.0999999999,48565272.06,206809.0,514293.2899999999,8675976.11
2021,08,Colorado,20653.0,341089.0,341646.8,20233249.59,93166.0,231025.0,231428.2,11625235.41,73199.0,224292.45999999996,2557999.49
2021,09,Connecticut,14255.0,232922.0,233394.90000000002,23163648.91,63991.0,147537.0,147899.8,11722601.969999999,48856.0,239630.15,1441787.7199999997
2021,10,Delaware,3476.0,80421.0,80500.5,7187852.62,19157.0,47922.0,47979.4,3850151.8999999994,13617.0,84755.17,714491.01
2021,11,District of Columbia,3458.0,26950.0,27008.7,1680950.03,11893.0,16835.0,16879.1,940622.88,8287.0,15280.75,126903.01
2021,12,Florida,50780.0,1630177.0,1633114.6999999997,123279982.03,389847.0,1022017.0,1024056.9999999999,64383364.82,290007.0,1688035.7000000002,15625009.3
2021,13,Georgia,18944.0,674932.0,675662.6,40830342.239999995,153906.0,391281.0,391782.80000000005,20495072.86,106999.0,919015.33,5338644.24
2021,15,Hawaii,3236.0,42696.0,42721.3,2229980.4099999997,13142.0,31032.0,31048.0,1383228.44,10614.0,19890.09,232553.28
2021,16,Idaho,4935.0,84391.0,84759.4,5991733.14,21333.0,52302.0,52569.7,3103460.6,15625.0,70506.14000000001,753218.43
2021,17,Illinois,18268.0,202577.0,202637.3,19788165.56,58380.0,119145.0,119184.4,9419982.4,41229.0,164389.28,2052448.27
2021,18,Indiana,16243.0,370591.0,371157.4,26796570.31,77605.0,205591.0,206067.6,11739129.67,51957.0,380984.45,3028052.59
2021,19,Iowa,8267.0,95814.0,96128.0,6545916.4,29301.0,64452.0,64700.6,3601504.4099999997,22380.0,53577.329999999994,829518.56
2021,20,Kansas,9390.0,175324.0,175674.1,12591360.92,43853.0,105837.0,106088.40000000001,6195709.4,31719.0,146140.32,1816088.9100000001
2021,21,Kentucky,10395.0,365967.0,366400.10000000003,21396105.519999996,78697.0,209967.0,210314.30000000002,11093540.43,52097.0,501165.48,3069987.75
2021,22,Louisiana,10656.0,304909.0,305116.6,15871475.35,67245.0,172446.0,172567.8,7553108.2,44838.0,328663.91000000003,2554026.73
2021,23,Maine,6008.0,99737.0,99773.89999999998,7126155.66,24412.0,58621.0,58642.6,3601003.16,17650.0,76071.08,578477.6699999999
2021,24,Maryland,19330.0,412466.0,413696.0,29922910.349999994,92870.0,240173.0,241100.2,15291002.57,65450.0,535014.26,3342143.47
2021,25,Massachusetts,30181.0,495203.0,495288.60000000003,34866472.46,126829.0,307366.0,307417.1,18055743.47,93524.0,353760.26,2433034.58
2021,26,Michigan,25938.0,403913.0,405395.9,27409444.490000002,99626.0,231691.0,232657.3,12739796.96,70104.0,335910.72000000003,2780252.1
2021,27,Minnesota,20520.0,298885.0,300103.8,14825606.0,93022.0,200208.0,201147.1,7732106.350000001,73027.0,155818.46000000002,2057740.48
2021,28,Mississippi,5817.0,173839.0,174080.39999999997,9678219.780000001,38288.0,92321.0,92460.5,4334317.8,23943.0,222727.28000000003,1465368.71
2021,29,Missouri,16224.0,399770.0,400195.5,28879329.689999998,93822.0,229185.0,229504.9,13728395.27,64424.0,325597.97,3515940.42
2021,30,Montana,3880.0,60138.0,60351.600000000006,3480239.9699999997,16135.0,40048.0,40205.200000000004,2012967.69,12498.0,61125.31,525931.53
2021,31,Nebraska,5920.0,79411.0,79659.59999999999,6498724.65,22496.0,48986.0,49166.7,2998530.1,16662.0,62938.42,679601.0200000001
2021,32,Nevada,6602.0,190178.0,190414.5,11679196.570000002,40228.0,121464.0,121607.1,6455811.070000001,29462.0,221292.95,1964116.9899999998
2021,33,New Hampshire,5787.0,91972.0,91997.9,7625774.68,23621.0,53867.0,53883.7,3797244.31,17086.0,96345.20000000001,883343.38
2021,34,New Jersey,25052.0,503833.0,503966.3,49897987.589999996,126319.0,309566.0,309626.8,25136961.23,94307.0,329394.62,4662368.76
2021,35,New Mexico,5763.0,114506.0,114747.50000000001,5489650.91,26912.0,68673.0,68848.20000000001,2895088.68,18828.0,114307.08,735023.41
2021,36,New York,65611.0,925659.0,927707.8999999999,67687682.82,265238.0,591009.0,592438.6,35139213.09,201360.0,599152.53,6063490.17
2021,37,North Carolina,36257.0,986635.0,988033.7000000001,79380748.23,215776.0,565468.0,566481.9000000001,38621452.54,147445.0,1056788.21,8509628.86
2021,38,North Dakota,2603.0,30557.0,30766.6,1479221.9999999998,10463.0,20795.0,20970.300000000003,733509.73,8108.0,17153.73,248467.82999999996
2021,39,Ohio,40192.0,848151.0,850307.0999999999,42446284.58,220885.0,540813.0,542507.0,22209846.96,163012.0,632033.77,5823950.44
2021,40,Oklahoma,7055.0,234517.0,234818.7,16349925.309999999,49279.0,136608.0,136836.8,8463799.61,33671.0,235272.64,2405736.83
2021,41,Oregon,16307.0,318652.0,320232.60000000003,13535187.500000002,84835.0,231198.0,232455.39999999997,8584406.110000001,67580.0,203051.59,2198211.39
2021,42,Pennsylvania,50585.0,971639.0,974708.6,71705578.09,252744.0,599435.0,601684.4,35579988.849999994,185430.0,703310.93,7764124.1
2021,44,Rhode Island,4502.0,66826.0,66855.2,5282817.24,20117.0,42722.0,42743.6,2908792.01,14848.0,49039.62,477397.82999999996
2021,45,South Carolina,13986.0,334855.0,334910.9,24326316.830000006,86937.0,196686.0,196710.59999999998,12022298.680000002,60412.0,297457.61999999994,2825992.3699999996
2021,46,South Dakota,2689.0,30847.0,30967.100000000002,2362408.37,10200.0,20691.0,20776.000000000004,1311076.63,7937.0,26338.859999999997,329604.88
2021,47,Tennessee,21894.0,677095.0,677222.7,42117900.11,145578.0,387126.0,387196.80000000005,20897535.63,97112.0,762133.2799999999,5378324.430000001
2021,48,Texas,17944.0,331776.0,332221.30000000005,31466261.97,85409.0,204596.0,204929.7,16698098.43,60732.0,349822.66000000003,4308851.279999999
2021,49,Utah,8570.0,176370.0,176415.2,10487883.96,44411.0,115971.0,116002.3,5749622.12,34404.0,120813.17,1776982.9100000001
2021,50,Vermont,2348.0,34525.0,34597.200000000004,3333484.0300000003,7656.0,20695.0,20740.8,1656044.2799999998,5552.0,34287.17,213818.49
2021,51,Virginia,23096.0,416710.0,417525.9,26630022.409999996,113496.0,254284.0,254909.1,13247562.94,81959.0,413193.11,3459508.3100000005
2021,53,Washington,25487.0,449901.0,451832.0,23326648.28,118774.0,311900.0,313427.5,14123266.809999999,92636.0,275852.74,3595499.3599999994
2021,54,West Virginia,4055.0,91276.0,91354.6,5346339.489999999,22559.0,60322.0,60375.9,3357046.91,15990.0,93394.12,774536.48
2021,55,Wisconsin,19817.0,309821.0,310371.80000000005,21331794.03,76937.0,188690.0,189097.1,10738267.09,55729.0,169903.46999999997,2365704.9299999997
2021,56,Wyoming,1656.0,24589.0,24708.0,1885410.27,6251.0,15609.0,15721.699999999999,963380.21,4699.0,21339.499999999996,238242.72999999998
2021,66,Guam,75.0,674.0,674.0,15064.3,300.0,458.0,458.0,10125.51,230.0,257.8,7266.07
2021,69,Northern Mariana Islands,10.0,58.0,58.0,3116.16,11.0,31.0,31.0,2148.06,0.0,3.59,1194.3200000000002
2021,72,Puerto Rico,3993.0,72700.0,72711.3,1556908.35,21078.0,34036.0,34044.0,594350.3,12967.0,4936.29,55247.38999999999
2021,78,Virgin Islands,86.0,1088.0,1090.2,92423.19,318.0,576.0,576.1,17508.440000000002,225.0,1052.36,9162.86
2021,9A,Armed Forces Central/South America,15.0,74.0,74.0,397.48,72.0,33.0,33.0,158.36,31.0,15.16,107.38
2021,9B,Armed Forces Europe,46.0,359.0,359.0,3445.7599999999998,246.0,248.0,248.0,1789.24,186.0,90.86,1164.25
2021,9C,Armed Forces Pacific,33.0,108.0,108.0,683.81,86.0,69.0,69.0,536.53,49.0,12.68,405.66
2021,9D,Unknown,7.0,154.0,154.0,2862.51,86.0,113.0,113.0,2031.92,48.0,46.55,1115.78
2021,9E,Foreign Country,64.0,356.0,356.0,4331.1,258.0,264.0,264.0,3262.63,196.0,66.53999999999999,1017.54
2022,01,Alabama,10362.0,378172.0,378628.4,23898534.689999998,87360.0,221824.0,222103.5,12872458.96,59547.0,395259.76,3276279.3000000003
2022,02,Alaska,2165.0,26395.0,26454.3,1832117.8699999999,7925.0,18504.0,18544.2,1079072.98,6135.0,21164.920000000002,148818.77
2022,04,Arizona,20395.0,492097.0,492729.0,27854414.34,132176.0,342706.0,343193.6,17038410.72,104993.0,324309.55,4332071.21
2022,05,Arkansas,5545.0,166200.0,166414.40000000002,8503504.64,38661.0,88200.0,88326.2,4252466.65,24871.0,180080.19,1353879.29
2022,06,California,70757.0,1007416.0,1009402.5999999999,78057894.3,279119.0,745024.0,746533.8,48661322.62999999,230721.0,485055.25,8063378.97
2022,08,Colorado,20920.0,351322.0,351740.39999999997,20237363.34,99563.0,248437.0,248755.8,12177725.77,80695.0,218799.38999999998,2398379.35
2022,09,Connecticut,14392.0,237438.0,237827.4,22846056.73,67013.0,156952.0,157259.0,12396910.31,52562.0,155579.42,1368304.24
2022,10,Delaware,3501.0,80049.0,80114.1,7237125.08,20112.0,50017.0,50065.8,3872317.31,14802.0,74264.20999999999,672627.64
2022,11,District of Columbia,3278.0,27343.0,27377.800000000003,1456268.98,12483.0,18022.0,18050.4,841661.82,9178.0,14168.72,106181.60000000002
2022,12,Florida,52297.0,1648662.0,1651391.7,122079541.16,405596.0,1076336.0,1078328.8,66607912.510000005,310514.0,1239812.4100000001,14556294.53
2022,13,Georgia,18948.0,679944.0,680603.1,41653378.120000005,160280.0,409661.0,410114.9,21405162.59,114976.0,794367.6300000001,4989067.040000001
2022,15,Hawaii,3163.0,41127.0,41144.600000000006,1995517.0499999998,13695.0,31146.0,31157.7,1346438.86,11320.0,17418.79,218204.16999999998
2022,16,Idaho,5087.0,89334.0,89689.29999999999,6066094.930000001,24299.0,58233.0,58503.0,3258178.55,18518.0,69080.67,730108.18
2022,17,Illinois,19010.0,209353.0,209417.0,19319368.880000003,64201.0,130101.0,130148.0,9506150.52,47644.0,137121.7,1916818.2999999998
2022,18,Indiana,16919.0,376744.0,377244.7,26037037.82,83306.0,220835.0,221267.7,12054695.059999999,58632.0,241997.93,2804343.6100000003
2022,19,Iowa,8575.0,100823.0,101130.70000000001,6778170.58,32821.0,70040.0,70273.8,3868069.9400000004,25810.0,46531.29,870155.4
2022,20,Kansas,9557.0,179629.0,179921.7,12167384.14,46852.0,113439.0,113646.4,6293642.57,35095.0,129418.6,1719163.2199999997
2022,21,Kentucky,10487.0,359532.0,359837.5,20652876.76,80953.0,215652.0,215874.2,10963563.619999997,55766.0,385976.29,2935625.4299999997
2022,22,Louisiana,11072.0,313633.0,313833.69999999995,18465946.529999997,71336.0,184450.0,184584.1,9001749.219999999,49059.0,290442.24,2481634.7199999997
2022,23,Maine,6210.0,100714.0,100768.5,7398988.16,25962.0,62098.0,62133.5,4054322.33,19364.0,61801.880000000005,596405.7899999999
2022,24,Maryland,19050.0,417639.0,418774.1,29489001.02,94780.0,253211.0,254083.10000000003,15679174.18,69133.0,474073.07,3121072.98
2022,25,Massachusetts,30050.0,491703.0,491820.9,34384774.65,130500.0,316932.0,317007.9,18736123.990000002,99139.0,330073.75,2282742.73
2022,26,Michigan,26833.0,423394.0,424785.8,27224265.610000003,110675.0,254008.0,254957.9,13187539.829999998,80480.0,287881.03,2645338.11
2022,27,Minnesota,20463.0,311716.0,312867.7,14679912.52,101938.0,216852.0,217731.2,7907646.99,82269.0,152622.9,1996646.6
2022,28,Mississippi,5881.0,178945.0,179191.6,9998167.09,39853.0,98142.0,98285.40000000001,4627802.61,25768.0,223405.95,1367982.1800000002
2022,29,Missouri,15787.0,393100.0,393436.30000000005,26949042.07,97026.0,237053.0,237335.69999999998,13547422.11,69387.0,259241.7,3243045.5699999994
2022,30,Montana,3872.0,61076.0,61209.6,3564674.1599999997,17188.0,41966.0,42065.200000000004,2093765.2400000002,13758.0,46669.01,511730.52999999997
2022,31,Nebraska,6041.0,80241.0,80476.5,6464722.1,24312.0,52366.0,52540.1,3106909.67,18610.0,49700.85,682461.11
2022,32,Nevada,6584.0,188361.0,188609.90000000002,11640735.75,42098.0,124866.0,125013.0,6368183.800000001,31941.0,200042.35999999996,1871979.72
2022,33,New Hampshire,5772.0,91732.0,91764.6,7470007.38,25047.0,57323.0,57344.799999999996,3937605.71,18861.0,83940.58,833344.3999999999
2022,34,New Jersey,24763.0,491551.0,491688.0,49613668.13,127357.0,314755.0,314837.6,26270591.36,97656.0,306864.0,4260257.93
2022,35,New Mexico,5623.0,111413.0,111646.3,5156765.5200000005,27519.0,69405.0,69550.1,2763835.1700000004,20015.0,108086.84999999999,645425.76
2022,36,New York,65820.0,920638.0,922491.1,65859492.04000001,276138.0,609924.0,611278.0,35811828.67,214754.0,505501.82000000007,5648793.340000001
2022,37,North Carolina,36457.0,980852.0,982141.7999999999,83742932.78999999,221298.0,590213.0,591157.6,42988048.370000005,157655.0,925168.94,8071923.380000001
2022,38,North Dakota,2612.0,31200.0,31378.6,1401142.75,10863.0,22082.0,22219.199999999997,761846.5700000001,8723.0,17144.41,238859.33
2022,39,Ohio,40905.0,848448.0,850368.5,40666532.18,232150.0,559413.0,560973.0,22266408.89,175857.0,474355.61,5481591.82
2022,40,Oklahoma,7118.0,239242.0,239495.1,16025896.86,52452.0,145483.0,145671.1,8673125.67,37098.0,195323.52999999997,2324170.62
2022,41,Oregon,16383.0,327339.0,328860.4,13766892.030000001,91110.0,243964.0,245180.99999999997,9208426.18,74291.0,211786.83,2142447.22
2022,42,Pennsylvania,50430.0,975999.0,978774.6,71871096.22,262549.0,627935.0,630062.2,36749962.73,198616.0,640025.23,7185638.760000001
2022,44,Rhode Island,4516.0,65787.0,65814.1,4903863.07,21456.0,45030.0,45042.2,2814522.5700000003,16617.0,38223.96,407651.48
2022,45,South Carolina,14255.0,340093.0,340148.2,27292766.439999998,91690.0,207418.0,207450.1,14006678.15,65748.0,268599.43000000005,2753643.5300000003
2022,46,South Dakota,2577.0,30481.0,30580.5,2214650.97,10429.0,21162.0,21240.100000000002,1270953.25,8392.0,19816.419999999995,297872.57
2022,47,Tennessee,21868.0,668942.0,669081.7,40641513.86,149570.0,400616.0,400685.69999999995,21017237.27,104164.0,664019.1000000001,5202373.51
2022,48,Texas,19589.0,341145.0,341565.0,30667430.26,95801.0,221496.0,221797.5,16838946.94,71013.0,297737.58,4013661.8200000003
2022,49,Utah,8652.0,177714.0,177759.5,10111600.290000001,47241.0,121272.0,121304.5,5696150.48,37754.0,105786.39,1800275.9500000002
2022,50,Vermont,2336.0,34042.0,34104.6,3166142.44,8212.0,21085.0,21127.3,1560088.37,6149.0,27222.010000000002,198722.40000000002
2022,51,Virginia,23349.0,414079.0,414830.1,26007285.48,117635.0,263631.0,264185.5,13429014.139999999,88047.0,345515.24000000005,3289382.3600000003
2022,53,Washington,25437.0,456065.0,457367.9,22808780.92,125485.0,328823.0,329839.19999999995,14202554.19,100482.0,248630.31999999998,3390083.91
2022,54,West Virginia,4131.0,87233.0,87319.7,4756479.49,23533.0,59441.0,59503.8,3133357.4699999997,17319.0,71576.99,660302.4
2022,55,Wisconsin,19852.0,306616.0,307170.6,20017044.83,80493.0,195075.0,195483.40000000002,10653738.99,60262.0,137622.01,2183191.89
2022,56,Wyoming,1664.0,24843.0,24944.299999999996,1934677.6999999997,6645.0,16621.0,16714.6,1071954.46,5172.0,20789.16,250327.56999999998
2022,66,Guam,92.0,802.0,802.0,15696.73,343.0,608.0,608.0,11849.869999999999,269.0,240.06,5342.01
2022,69,Northern Mariana Islands,2.0,51.0,51.0,2098.62,16.0,32.0,32.0,1742.63,0.0,2.49,972.78
2022,72,Puerto Rico,3722.0,68387.0,68405.7,1492803.43,20231.0,33576.0,33588.0,577723.11,13101.0,3721.44,56333.979999999996
2022,78,Virgin Islands,64.0,407.0,407.0,9982.79,212.0,307.0,307.0,7092.58,115.0,218.97,4304.95
2022,9A,Armed Forces Central/South America,12.0,29.0,29.0,181.96,28.0,0.0,0.0,0.0,0.0,3.4699999999999998,47.95
2022,9B,Armed Forces Europe,60.0,390.0,390.0,3544.8900000000003,274.0,289.0,289.0,2307.75,216.0,38.91,1330.58
2022,9C,Armed Forces Pacific,60.0,279.0,279.0,1774.94,250.0,218.0,218.0,1387.42,191.0,31.94,999.1
2022,9D,Unknown,10.0,157.0,157.3,2658.01,131.0,114.0,114.3,1632.1200000000001,84.0,47.84,728.26
2022,9E,Foreign Country,75.0,484.0,484.0,10154.75,253.0,372.0,372.0,4309.09,198.0,165.25,1385.79
